timestamp,cycle,candle_key,event,elapsed_sec,note
2026-06-29 04:01:38.366,1,2026-06-29 09:30,CYCLE_START,0.0,
2026-06-29 04:01:48.031,1,2026-06-29 09:30,BATCH_PREDICTION,9.663,symbols=['AMBUJACEM']
2026-06-29 04:01:57.543,1,2026-06-29 09:30,BATCH_PREDICTION,19.175,"symbols=['NTPC', 'VEDL', 'WIPRO']"
2026-06-29 04:01:59.057,1,2026-06-29 09:30,BATCH_PREDICTION,20.689,"symbols=['TATASTEEL', 'COALINDIA', 'POWERGRID']"
2026-06-29 04:02:09.101,1,2026-06-29 09:30,BATCH_PREDICTION,30.734,"symbols=['ITC', 'GAIL', 'ONGC']"
2026-06-29 04:02:09.153,1,2026-06-29 09:30,TREND_REDIS_GET,0.001,ITC|MISS
2026-06-29 04:02:09.154,1,2026-06-29 09:30,TREND_REDIS_GET,0.001,GAIL|MISS
2026-06-29 04:02:09.155,1,2026-06-29 09:30,TREND_REDIS_GET,0.001,ONGC|MISS
2026-06-29 04:02:09.156,1,2026-06-29 09:30,TREND_REDIS_GET,0.001,NTPC|MISS
2026-06-29 04:02:09.157,1,2026-06-29 09:30,TREND_REDIS_GET,0.001,VEDL|MISS
2026-06-29 04:02:09.158,1,2026-06-29 09:30,TREND_REDIS_GET,0.001,WIPRO|MISS
2026-06-29 04:02:09.158,1,2026-06-29 09:30,TREND_REDIS_GET,0.001,TATASTEEL|MISS
2026-06-29 04:02:09.159,1,2026-06-29 09:30,TREND_REDIS_GET,0.001,COALINDIA|MISS
2026-06-29 04:02:09.160,1,2026-06-29 09:30,TREND_REDIS_GET,0.001,POWERGRID|MISS
2026-06-29 04:02:09.160,1,2026-06-29 09:30,TREND_REDIS_GET,0.001,AMBUJACEM|MISS
2026-06-29 04:02:09.161,1,2026-06-29 09:30,TREND_TOTAL,0.008,AMBUJACEM
2026-06-29 04:02:09.765,1,2026-06-29 09:30,BROKER_POS_FETCH,0.604,positions=0
2026-06-29 04:02:09.791,1,2026-06-29 09:30,ANALYZE_SIGNALS,0.025,symbols=10
2026-06-29 04:02:09.791,1,2026-06-29 09:30,symbol lock timing ,0.0,AMBUJACEM
2026-06-29 04:02:09.791,1,2026-06-29 09:30,CAN_RESERVE_EXPOSURE,0.0,AMBUJACEM
2026-06-29 04:02:09.791,1,2026-06-29 09:30,RESERVE_EXPOSURE,0.0,AMBUJACEM
2026-06-29 04:02:09.791,1,2026-06-29 09:30,symbol lock timing ,0.0,COALINDIA
2026-06-29 04:02:09.791,1,2026-06-29 09:30,CAN_RESERVE_EXPOSURE,0.0,COALINDIA
2026-06-29 04:02:09.792,1,2026-06-29 09:30,RESERVE_EXPOSURE,0.0,COALINDIA
2026-06-29 04:02:09.792,1,2026-06-29 09:30,symbol lock timing ,0.0,GAIL
2026-06-29 04:02:09.792,1,2026-06-29 09:30,CAN_RESERVE_EXPOSURE,0.0,GAIL
2026-06-29 04:02:09.792,1,2026-06-29 09:30,RESERVE_EXPOSURE,0.0,GAIL
2026-06-29 04:02:09.792,1,2026-06-29 09:30,symbol lock timing ,0.0,NTPC
2026-06-29 04:02:09.792,1,2026-06-29 09:30,CAN_RESERVE_EXPOSURE,0.0,NTPC
2026-06-29 04:02:09.792,1,2026-06-29 09:30,RESERVE_EXPOSURE,0.0,NTPC
2026-06-29 04:02:09.792,1,2026-06-29 09:30,symbol lock timing ,0.0,POWERGRID
2026-06-29 04:02:09.792,1,2026-06-29 09:30,CAN_RESERVE_EXPOSURE,0.0,POWERGRID
2026-06-29 04:02:09.792,1,2026-06-29 09:30,RESERVE_EXPOSURE,0.0,POWERGRID
2026-06-29 04:02:09.792,1,2026-06-29 09:30,symbol lock timing ,0.0,TATASTEEL
2026-06-29 04:02:09.792,1,2026-06-29 09:30,CAN_RESERVE_EXPOSURE,0.0,TATASTEEL
2026-06-29 04:02:09.793,1,2026-06-29 09:30,RESERVE_EXPOSURE,0.0,TATASTEEL
2026-06-29 04:02:09.793,1,2026-06-29 09:30,symbol lock timing ,0.0,VEDL
2026-06-29 04:02:09.793,1,2026-06-29 09:30,CAN_RESERVE_EXPOSURE,0.0,VEDL
2026-06-29 04:02:09.793,1,2026-06-29 09:30,RESERVE_EXPOSURE,0.0,VEDL
2026-06-29 04:02:09.793,1,2026-06-29 09:30,symbol lock timing ,0.0,WIPRO
2026-06-29 04:02:09.793,1,2026-06-29 09:30,CAN_RESERVE_EXPOSURE,0.0,WIPRO
2026-06-29 04:02:09.793,1,2026-06-29 09:30,RESERVE_EXPOSURE,0.0,WIPRO
2026-06-29 04:02:11.148,1,2026-06-29 09:30,PARALLEL_ORDER_EXEC,1.355,orders=8
2026-06-29 04:02:11.199,1,2026-06-29 09:30,FETCH_LTP,0.0,symbols=8
2026-06-29 04:02:11.199,1,2026-06-29 09:30,RESULT_LTP_FETCH,0.0,POWERGRID
2026-06-29 04:02:11.200,1,2026-06-29 09:30,LOG_TRADE_TIME,0.001,POWERGRID
2026-06-29 04:02:11.200,1,2026-06-29 09:30,RESULT_PROCESS_TOTAL,0.001,POWERGRID
2026-06-29 04:02:11.200,1,2026-06-29 09:30,RESULT_LTP_FETCH,0.0,NTPC
2026-06-29 04:02:11.201,1,2026-06-29 09:30,LOG_TRADE_TIME,0.0,NTPC
2026-06-29 04:02:11.201,1,2026-06-29 09:30,RESULT_PROCESS_TOTAL,0.0,NTPC
2026-06-29 04:02:11.201,1,2026-06-29 09:30,RESULT_LTP_FETCH,0.0,COALINDIA
2026-06-29 04:02:11.201,1,2026-06-29 09:30,LOG_TRADE_TIME,0.0,COALINDIA
2026-06-29 04:02:11.201,1,2026-06-29 09:30,RESULT_PROCESS_TOTAL,0.0,COALINDIA
2026-06-29 04:02:11.201,1,2026-06-29 09:30,RESULT_LTP_FETCH,0.0,AMBUJACEM
2026-06-29 04:02:11.201,1,2026-06-29 09:30,LOG_TRADE_TIME,0.0,AMBUJACEM
2026-06-29 04:02:11.201,1,2026-06-29 09:30,RESULT_PROCESS_TOTAL,0.0,AMBUJACEM
2026-06-29 04:02:11.201,1,2026-06-29 09:30,RESULT_LTP_FETCH,0.0,GAIL
2026-06-29 04:02:11.201,1,2026-06-29 09:30,LOG_TRADE_TIME,0.0,GAIL
2026-06-29 04:02:11.201,1,2026-06-29 09:30,RESULT_PROCESS_TOTAL,0.0,GAIL
2026-06-29 04:02:11.202,1,2026-06-29 09:30,RESULT_LTP_FETCH,0.0,TATASTEEL
2026-06-29 04:02:11.202,1,2026-06-29 09:30,LOG_TRADE_TIME,0.0,TATASTEEL
2026-06-29 04:02:11.202,1,2026-06-29 09:30,RESULT_PROCESS_TOTAL,0.0,TATASTEEL
2026-06-29 04:02:11.202,1,2026-06-29 09:30,RESULT_LTP_FETCH,0.0,VEDL
2026-06-29 04:02:11.202,1,2026-06-29 09:30,LOG_TRADE_TIME,0.0,VEDL
2026-06-29 04:02:11.202,1,2026-06-29 09:30,RESULT_PROCESS_TOTAL,0.0,VEDL
2026-06-29 04:02:11.202,1,2026-06-29 09:30,RESULT_LTP_FETCH,0.0,WIPRO
2026-06-29 04:02:11.202,1,2026-06-29 09:30,LOG_TRADE_TIME,0.0,WIPRO
2026-06-29 04:02:11.202,1,2026-06-29 09:30,RESULT_PROCESS_TOTAL,0.0,WIPRO
2026-06-29 04:02:11.202,1,2026-06-29 09:30,PNL_CALC,0.0,AMBUJACEM
2026-06-29 04:02:11.203,1,2026-06-29 09:30,HOLD_LOOP_PER_SYMBOL,0.0,AMBUJACEM
2026-06-29 04:02:11.203,1,2026-06-29 09:30,PNL_CALC,0.0,COALINDIA
2026-06-29 04:02:11.203,1,2026-06-29 09:30,HOLD_LOOP_PER_SYMBOL,0.0,COALINDIA
2026-06-29 04:02:11.203,1,2026-06-29 09:30,PNL_CALC,0.0,GAIL
2026-06-29 04:02:11.203,1,2026-06-29 09:30,HOLD_LOOP_PER_SYMBOL,0.0,GAIL
2026-06-29 04:02:11.203,1,2026-06-29 09:30,PNL_CALC,0.0,ITC
2026-06-29 04:02:11.203,1,2026-06-29 09:30,HOLD_LOOP_PER_SYMBOL,0.0,ITC
2026-06-29 04:02:11.203,1,2026-06-29 09:30,PNL_CALC,0.0,NTPC
2026-06-29 04:02:11.203,1,2026-06-29 09:30,HOLD_LOOP_PER_SYMBOL,0.0,NTPC
2026-06-29 04:02:11.203,1,2026-06-29 09:30,PNL_CALC,0.0,ONGC
2026-06-29 04:02:11.203,1,2026-06-29 09:30,HOLD_LOOP_PER_SYMBOL,0.0,ONGC
2026-06-29 04:02:11.204,1,2026-06-29 09:30,PNL_CALC,0.0,POWERGRID
2026-06-29 04:02:11.204,1,2026-06-29 09:30,HOLD_LOOP_PER_SYMBOL,0.0,POWERGRID
2026-06-29 04:02:11.204,1,2026-06-29 09:30,PNL_CALC,0.0,TATASTEEL
2026-06-29 04:02:11.204,1,2026-06-29 09:30,HOLD_LOOP_PER_SYMBOL,0.0,TATASTEEL
2026-06-29 04:02:11.204,1,2026-06-29 09:30,PNL_CALC,0.0,VEDL
2026-06-29 04:02:11.204,1,2026-06-29 09:30,HOLD_LOOP_PER_SYMBOL,0.0,VEDL
2026-06-29 04:02:11.204,1,2026-06-29 09:30,PNL_CALC,0.0,WIPRO
2026-06-29 04:02:11.204,1,2026-06-29 09:30,HOLD_LOOP_PER_SYMBOL,0.0,WIPRO
2026-06-29 04:02:11.204,1,2026-06-29 09:30,PNL_PER_SYMBOL,0.0,AMBUJACEM
2026-06-29 04:02:11.204,1,2026-06-29 09:30,PNL_PER_SYMBOL,0.0,COALINDIA
2026-06-29 04:02:11.204,1,2026-06-29 09:30,PNL_PER_SYMBOL,0.0,GAIL
2026-06-29 04:02:11.204,1,2026-06-29 09:30,PNL_PER_SYMBOL,0.0,ITC
2026-06-29 04:02:11.204,1,2026-06-29 09:30,PNL_PER_SYMBOL,0.0,NTPC
2026-06-29 04:02:11.205,1,2026-06-29 09:30,PNL_PER_SYMBOL,0.0,ONGC
2026-06-29 04:02:11.205,1,2026-06-29 09:30,PNL_PER_SYMBOL,0.0,POWERGRID
2026-06-29 04:02:11.205,1,2026-06-29 09:30,PNL_PER_SYMBOL,0.0,TATASTEEL
2026-06-29 04:02:11.205,1,2026-06-29 09:30,PNL_PER_SYMBOL,0.0,VEDL
2026-06-29 04:02:11.205,1,2026-06-29 09:30,PNL_PER_SYMBOL,0.0,WIPRO
2026-06-29 04:02:11.205,1,2026-06-29 09:30,PNL_LOOP_TOTAL,0.001,
2026-06-29 04:02:12.359,1,2026-06-29 09:30,UI_SNAPSHOT_TOTAL,1.154,
2026-06-29 04:02:12.359,1,2026-06-29 09:30,CYCLE_TOTAL,33.993,cycle=1
2026-06-29 04:02:12.359,1,2026-06-29 09:30,time after analyse after second broker api call,2.568,time analysis of delay
2026-06-29 04:02:21.284,1,2026-06-29 09:30,RECONCILE_CYCLE_TOTAL,9.915,pending_syms=8
2026-06-29 04:16:00.451,2,2026-06-29 09:45,CYCLE_START,0.0,
2026-06-29 04:16:10.703,2,2026-06-29 09:45,BATCH_PREDICTION,10.25,"symbols=['NTPC', 'VEDL', 'WIPRO']"
2026-06-29 04:16:14.652,2,2026-06-29 09:45,BATCH_PREDICTION,14.196,symbols=['AMBUJACEM']
2026-06-29 04:16:16.680,2,2026-06-29 09:45,BATCH_PREDICTION,16.227,"symbols=['ITC', 'GAIL', 'ONGC']"
2026-06-29 04:16:19.266,2,2026-06-29 09:45,BATCH_PREDICTION,18.811,"symbols=['TATASTEEL', 'COALINDIA', 'POWERGRID']"
2026-06-29 04:16:19.278,2,2026-06-29 09:45,TREND_REDIS_GET,0.001,ITC|MISS
2026-06-29 04:16:19.279,2,2026-06-29 09:45,TREND_REDIS_GET,0.001,GAIL|MISS
2026-06-29 04:16:19.280,2,2026-06-29 09:45,TREND_REDIS_GET,0.001,ONGC|MISS
2026-06-29 04:16:19.281,2,2026-06-29 09:45,TREND_REDIS_GET,0.001,NTPC|MISS
2026-06-29 04:16:19.281,2,2026-06-29 09:45,TREND_REDIS_GET,0.001,VEDL|MISS
2026-06-29 04:16:19.282,2,2026-06-29 09:45,TREND_REDIS_GET,0.001,WIPRO|MISS
2026-06-29 04:16:19.283,2,2026-06-29 09:45,TREND_REDIS_GET,0.001,TATASTEEL|MISS
2026-06-29 04:16:19.283,2,2026-06-29 09:45,TREND_REDIS_GET,0.001,COALINDIA|MISS
2026-06-29 04:16:19.284,2,2026-06-29 09:45,TREND_REDIS_GET,0.001,POWERGRID|MISS
2026-06-29 04:16:19.285,2,2026-06-29 09:45,TREND_REDIS_GET,0.001,AMBUJACEM|MISS
2026-06-29 04:16:19.285,2,2026-06-29 09:45,TREND_TOTAL,0.007,AMBUJACEM
2026-06-29 04:16:19.912,2,2026-06-29 09:45,BROKER_POS_FETCH,0.627,positions=8
2026-06-29 04:16:20.225,2,2026-06-29 09:45,fetch_Price_total_time,0.309,fetch_price_total_time=0.3088090419769287
2026-06-29 04:16:20.226,2,2026-06-29 09:45,ANALYZE_SIGNALS,0.314,symbols=1
2026-06-29 04:16:20.226,2,2026-06-29 09:45,PNL_CALC,0.0,AMBUJACEM
2026-06-29 04:16:20.226,2,2026-06-29 09:45,HOLD_LOG_TRADE,0.0,AMBUJACEM
2026-06-29 04:16:20.227,2,2026-06-29 09:45,HOLD_LOOP_PER_SYMBOL,0.0,AMBUJACEM
2026-06-29 04:16:20.227,2,2026-06-29 09:45,PNL_PER_SYMBOL,0.0,AMBUJACEM
2026-06-29 04:16:20.227,2,2026-06-29 09:45,PNL_LOOP_TOTAL,0.0,
2026-06-29 04:16:20.415,2,2026-06-29 09:45,UI_SNAPSHOT_TOTAL,0.188,
2026-06-29 04:16:20.415,2,2026-06-29 09:45,CYCLE_TOTAL,19.963,cycle=2
2026-06-29 04:16:20.415,2,2026-06-29 09:45,time after analyse after second broker api call,0.189,time analysis of delay
2026-06-29 04:26:01.820,2,2026-06-29 09:45,RECONCILE_CYCLE_TOTAL,7.364,pending_syms=8
2026-06-29 04:26:06.271,2,2026-06-29 09:45,RECONCILE_CYCLE_TOTAL,4.45,pending_syms=3
2026-06-29 04:42:02.290,1,2026-06-29 10:10,CYCLE_START,0.0,
2026-06-29 04:42:09.040,1,2026-06-29 10:10,BATCH_PREDICTION,6.748,symbols=['AMBUJACEM']
2026-06-29 04:42:18.417,1,2026-06-29 10:10,BATCH_PREDICTION,16.126,"symbols=['ITC', 'GAIL', 'ONGC']"
2026-06-29 04:42:18.832,1,2026-06-29 10:10,BATCH_PREDICTION,16.541,"symbols=['TATASTEEL', 'COALINDIA', 'POWERGRID']"
2026-06-29 04:42:23.322,1,2026-06-29 10:10,BATCH_PREDICTION,21.031,"symbols=['NTPC', 'VEDL', 'WIPRO']"
2026-06-29 04:42:23.370,1,2026-06-29 10:10,TREND_REDIS_GET,0.001,ITC|MISS
2026-06-29 04:42:23.371,1,2026-06-29 10:10,TREND_REDIS_GET,0.001,GAIL|MISS
2026-06-29 04:42:23.372,1,2026-06-29 10:10,TREND_REDIS_GET,0.001,ONGC|MISS
2026-06-29 04:42:23.372,1,2026-06-29 10:10,TREND_REDIS_GET,0.001,NTPC|MISS
2026-06-29 04:42:23.373,1,2026-06-29 10:10,TREND_REDIS_GET,0.001,VEDL|MISS
2026-06-29 04:42:23.374,1,2026-06-29 10:10,TREND_REDIS_GET,0.001,WIPRO|MISS
2026-06-29 04:42:23.374,1,2026-06-29 10:10,TREND_REDIS_GET,0.001,TATASTEEL|MISS
2026-06-29 04:42:23.375,1,2026-06-29 10:10,TREND_REDIS_GET,0.001,COALINDIA|MISS
2026-06-29 04:42:23.376,1,2026-06-29 10:10,TREND_REDIS_GET,0.001,POWERGRID|MISS
2026-06-29 04:42:23.376,1,2026-06-29 10:10,TREND_REDIS_GET,0.001,AMBUJACEM|MISS
2026-06-29 04:42:23.377,1,2026-06-29 10:10,TREND_TOTAL,0.007,AMBUJACEM
2026-06-29 04:42:23.979,1,2026-06-29 10:10,BROKER_POS_FETCH,0.602,positions=0
2026-06-29 04:42:24.008,1,2026-06-29 10:10,ANALYZE_SIGNALS,0.029,symbols=10
2026-06-29 04:42:24.008,1,2026-06-29 10:10,symbol lock timing ,0.0,AMBUJACEM
2026-06-29 04:42:24.008,1,2026-06-29 10:10,CAN_RESERVE_EXPOSURE,0.0,AMBUJACEM
2026-06-29 04:42:24.009,1,2026-06-29 10:10,RESERVE_EXPOSURE,0.0,AMBUJACEM
2026-06-29 04:42:24.009,1,2026-06-29 10:10,symbol lock timing ,0.0,COALINDIA
2026-06-29 04:42:24.009,1,2026-06-29 10:10,CAN_RESERVE_EXPOSURE,0.0,COALINDIA
2026-06-29 04:42:24.009,1,2026-06-29 10:10,RESERVE_EXPOSURE,0.0,COALINDIA
2026-06-29 04:42:24.009,1,2026-06-29 10:10,symbol lock timing ,0.0,ITC
2026-06-29 04:42:24.009,1,2026-06-29 10:10,CAN_RESERVE_EXPOSURE,0.0,ITC
2026-06-29 04:42:24.009,1,2026-06-29 10:10,RESERVE_EXPOSURE,0.0,ITC
2026-06-29 04:42:24.009,1,2026-06-29 10:10,symbol lock timing ,0.0,NTPC
2026-06-29 04:42:24.009,1,2026-06-29 10:10,CAN_RESERVE_EXPOSURE,0.0,NTPC
2026-06-29 04:42:24.009,1,2026-06-29 10:10,RESERVE_EXPOSURE,0.0,NTPC
2026-06-29 04:42:24.009,1,2026-06-29 10:10,symbol lock timing ,0.0,ONGC
2026-06-29 04:42:24.009,1,2026-06-29 10:10,CAN_RESERVE_EXPOSURE,0.0,ONGC
2026-06-29 04:42:24.010,1,2026-06-29 10:10,RESERVE_EXPOSURE,0.0,ONGC
2026-06-29 04:42:24.010,1,2026-06-29 10:10,symbol lock timing ,0.0,VEDL
2026-06-29 04:42:24.010,1,2026-06-29 10:10,CAN_RESERVE_EXPOSURE,0.0,VEDL
2026-06-29 04:42:24.010,1,2026-06-29 10:10,RESERVE_EXPOSURE,0.0,VEDL
2026-06-29 04:42:24.010,1,2026-06-29 10:10,symbol lock timing ,0.0,WIPRO
2026-06-29 04:42:24.010,1,2026-06-29 10:10,CAN_RESERVE_EXPOSURE,0.0,WIPRO
2026-06-29 04:42:24.010,1,2026-06-29 10:10,RESERVE_EXPOSURE,0.0,WIPRO
2026-06-29 04:42:25.264,1,2026-06-29 10:10,PARALLEL_ORDER_EXEC,1.254,orders=7
2026-06-29 04:42:25.306,1,2026-06-29 10:10,FETCH_LTP,0.0,symbols=7
2026-06-29 04:42:25.307,1,2026-06-29 10:10,RESULT_LTP_FETCH,0.0,COALINDIA
2026-06-29 04:42:25.307,1,2026-06-29 10:10,LOG_TRADE_TIME,0.0,COALINDIA
2026-06-29 04:42:25.307,1,2026-06-29 10:10,RESULT_PROCESS_TOTAL,0.0,COALINDIA
2026-06-29 04:42:25.307,1,2026-06-29 10:10,RESULT_LTP_FETCH,0.0,NTPC
2026-06-29 04:42:25.307,1,2026-06-29 10:10,LOG_TRADE_TIME,0.0,NTPC
2026-06-29 04:42:25.307,1,2026-06-29 10:10,RESULT_PROCESS_TOTAL,0.0,NTPC
2026-06-29 04:42:25.307,1,2026-06-29 10:10,RESULT_LTP_FETCH,0.0,AMBUJACEM
2026-06-29 04:42:25.307,1,2026-06-29 10:10,LOG_TRADE_TIME,0.0,AMBUJACEM
2026-06-29 04:42:25.307,1,2026-06-29 10:10,RESULT_PROCESS_TOTAL,0.0,AMBUJACEM
2026-06-29 04:42:25.308,1,2026-06-29 10:10,RESULT_LTP_FETCH,0.0,ITC
2026-06-29 04:42:25.308,1,2026-06-29 10:10,LOG_TRADE_TIME,0.0,ITC
2026-06-29 04:42:25.308,1,2026-06-29 10:10,RESULT_PROCESS_TOTAL,0.0,ITC
2026-06-29 04:42:25.308,1,2026-06-29 10:10,RESULT_LTP_FETCH,0.0,ONGC
2026-06-29 04:42:25.308,1,2026-06-29 10:10,LOG_TRADE_TIME,0.0,ONGC
2026-06-29 04:42:25.308,1,2026-06-29 10:10,RESULT_PROCESS_TOTAL,0.0,ONGC
2026-06-29 04:42:25.308,1,2026-06-29 10:10,RESULT_LTP_FETCH,0.0,WIPRO
2026-06-29 04:42:25.308,1,2026-06-29 10:10,LOG_TRADE_TIME,0.0,WIPRO
2026-06-29 04:42:25.308,1,2026-06-29 10:10,RESULT_PROCESS_TOTAL,0.0,WIPRO
2026-06-29 04:42:25.308,1,2026-06-29 10:10,RESULT_LTP_FETCH,0.0,VEDL
2026-06-29 04:42:25.308,1,2026-06-29 10:10,LOG_TRADE_TIME,0.0,VEDL
2026-06-29 04:42:25.308,1,2026-06-29 10:10,RESULT_PROCESS_TOTAL,0.0,VEDL
2026-06-29 04:42:25.308,1,2026-06-29 10:10,PNL_CALC,0.0,AMBUJACEM
2026-06-29 04:42:25.309,1,2026-06-29 10:10,HOLD_LOOP_PER_SYMBOL,0.0,AMBUJACEM
2026-06-29 04:42:25.309,1,2026-06-29 10:10,PNL_CALC,0.0,COALINDIA
2026-06-29 04:42:25.309,1,2026-06-29 10:10,HOLD_LOOP_PER_SYMBOL,0.0,COALINDIA
2026-06-29 04:42:25.309,1,2026-06-29 10:10,PNL_CALC,0.0,GAIL
2026-06-29 04:42:25.309,1,2026-06-29 10:10,HOLD_LOOP_PER_SYMBOL,0.0,GAIL
2026-06-29 04:42:25.309,1,2026-06-29 10:10,PNL_CALC,0.0,ITC
2026-06-29 04:42:25.309,1,2026-06-29 10:10,HOLD_LOOP_PER_SYMBOL,0.0,ITC
2026-06-29 04:42:25.309,1,2026-06-29 10:10,PNL_CALC,0.0,NTPC
2026-06-29 04:42:25.309,1,2026-06-29 10:10,HOLD_LOOP_PER_SYMBOL,0.0,NTPC
2026-06-29 04:42:25.309,1,2026-06-29 10:10,PNL_CALC,0.0,ONGC
2026-06-29 04:42:25.309,1,2026-06-29 10:10,HOLD_LOOP_PER_SYMBOL,0.0,ONGC
2026-06-29 04:42:25.309,1,2026-06-29 10:10,PNL_CALC,0.0,POWERGRID
2026-06-29 04:42:25.309,1,2026-06-29 10:10,HOLD_LOOP_PER_SYMBOL,0.0,POWERGRID
2026-06-29 04:42:25.309,1,2026-06-29 10:10,PNL_CALC,0.0,TATASTEEL
2026-06-29 04:42:25.310,1,2026-06-29 10:10,HOLD_LOOP_PER_SYMBOL,0.0,TATASTEEL
2026-06-29 04:42:25.310,1,2026-06-29 10:10,PNL_CALC,0.0,VEDL
2026-06-29 04:42:25.310,1,2026-06-29 10:10,HOLD_LOOP_PER_SYMBOL,0.0,VEDL
2026-06-29 04:42:25.310,1,2026-06-29 10:10,PNL_CALC,0.0,WIPRO
2026-06-29 04:42:25.310,1,2026-06-29 10:10,HOLD_LOOP_PER_SYMBOL,0.0,WIPRO
2026-06-29 04:42:25.310,1,2026-06-29 10:10,PNL_PER_SYMBOL,0.0,AMBUJACEM
2026-06-29 04:42:25.310,1,2026-06-29 10:10,PNL_PER_SYMBOL,0.0,COALINDIA
2026-06-29 04:42:25.310,1,2026-06-29 10:10,PNL_PER_SYMBOL,0.0,GAIL
2026-06-29 04:42:25.310,1,2026-06-29 10:10,PNL_PER_SYMBOL,0.0,ITC
2026-06-29 04:42:25.310,1,2026-06-29 10:10,PNL_PER_SYMBOL,0.0,NTPC
2026-06-29 04:42:25.310,1,2026-06-29 10:10,PNL_PER_SYMBOL,0.0,ONGC
2026-06-29 04:42:25.310,1,2026-06-29 10:10,PNL_PER_SYMBOL,0.0,POWERGRID
2026-06-29 04:42:25.310,1,2026-06-29 10:10,PNL_PER_SYMBOL,0.0,TATASTEEL
2026-06-29 04:42:25.310,1,2026-06-29 10:10,PNL_PER_SYMBOL,0.0,VEDL
2026-06-29 04:42:25.310,1,2026-06-29 10:10,PNL_PER_SYMBOL,0.0,WIPRO
2026-06-29 04:42:25.310,1,2026-06-29 10:10,PNL_LOOP_TOTAL,0.001,
2026-06-29 04:42:26.465,1,2026-06-29 10:10,UI_SNAPSHOT_TOTAL,1.155,
2026-06-29 04:42:26.466,1,2026-06-29 10:10,CYCLE_TOTAL,24.176,cycle=1
2026-06-29 04:42:26.466,1,2026-06-29 10:10,time after analyse after second broker api call,2.458,time analysis of delay
2026-06-29 04:42:35.604,1,2026-06-29 10:10,RECONCILE_CYCLE_TOTAL,9.31,pending_syms=7
2026-06-29 04:56:00.555,2,2026-06-29 10:25,CYCLE_START,0.0,
2026-06-29 04:56:13.222,2,2026-06-29 10:25,BATCH_PREDICTION,12.665,symbols=['AMBUJACEM']
2026-06-29 04:56:20.107,2,2026-06-29 10:25,BATCH_PREDICTION,19.551,"symbols=['NTPC', 'VEDL', 'WIPRO']"
2026-06-29 04:56:24.402,2,2026-06-29 10:25,BATCH_PREDICTION,23.846,"symbols=['ITC', 'GAIL', 'ONGC']"
2026-06-29 04:56:30.316,2,2026-06-29 10:25,BATCH_PREDICTION,29.759,"symbols=['TATASTEEL', 'COALINDIA', 'POWERGRID']"
2026-06-29 04:56:30.367,2,2026-06-29 10:25,TREND_REDIS_GET,0.001,ITC|MISS
2026-06-29 04:56:30.367,2,2026-06-29 10:25,TREND_REDIS_GET,0.001,GAIL|MISS
2026-06-29 04:56:30.368,2,2026-06-29 10:25,TREND_REDIS_GET,0.001,ONGC|MISS
2026-06-29 04:56:30.369,2,2026-06-29 10:25,TREND_REDIS_GET,0.001,NTPC|MISS
2026-06-29 04:56:30.369,2,2026-06-29 10:25,TREND_REDIS_GET,0.001,VEDL|MISS
2026-06-29 04:56:30.370,2,2026-06-29 10:25,TREND_REDIS_GET,0.001,WIPRO|MISS
2026-06-29 04:56:30.371,2,2026-06-29 10:25,TREND_REDIS_GET,0.001,TATASTEEL|MISS
2026-06-29 04:56:30.371,2,2026-06-29 10:25,TREND_REDIS_GET,0.001,COALINDIA|MISS
2026-06-29 04:56:30.372,2,2026-06-29 10:25,TREND_REDIS_GET,0.001,POWERGRID|MISS
2026-06-29 04:56:30.373,2,2026-06-29 10:25,TREND_REDIS_GET,0.001,AMBUJACEM|MISS
2026-06-29 04:56:30.373,2,2026-06-29 10:25,TREND_TOTAL,0.007,AMBUJACEM
2026-06-29 04:56:30.986,2,2026-06-29 10:25,BROKER_POS_FETCH,0.613,positions=7
2026-06-29 04:56:31.292,2,2026-06-29 10:25,fetch_Price_total_time,0.301,fetch_price_total_time=0.3005244731903076
2026-06-29 04:56:31.342,2,2026-06-29 10:25,fetch_Price_total_time,0.046,fetch_price_total_time=0.04592752456665039
2026-06-29 04:56:31.688,2,2026-06-29 10:25,fetch_Price_total_time,0.342,fetch_price_total_time=0.3416767120361328
2026-06-29 04:56:31.744,2,2026-06-29 10:25,fetch_Price_total_time,0.052,fetch_price_total_time=0.05199599266052246
2026-06-29 04:56:31.795,2,2026-06-29 10:25,fetch_Price_total_time,0.047,fetch_price_total_time=0.04660344123840332
2026-06-29 04:56:31.879,2,2026-06-29 10:25,fetch_Price_total_time,0.08,fetch_price_total_time=0.07995104789733887
2026-06-29 04:56:31.929,2,2026-06-29 10:25,fetch_Price_total_time,0.046,fetch_price_total_time=0.04552292823791504
2026-06-29 04:56:31.975,2,2026-06-29 10:25,fetch_Price_total_time,0.042,fetch_price_total_time=0.04159808158874512
2026-06-29 04:56:32.319,2,2026-06-29 10:25,fetch_Price_total_time,0.339,fetch_price_total_time=0.33873844146728516
2026-06-29 04:56:32.372,2,2026-06-29 10:25,fetch_Price_total_time,0.049,fetch_price_total_time=0.04903411865234375
2026-06-29 04:56:32.373,2,2026-06-29 10:25,ANALYZE_SIGNALS,1.386,symbols=10
2026-06-29 04:56:32.373,2,2026-06-29 10:25,symbol lock timing ,0.0,POWERGRID
2026-06-29 04:56:32.373,2,2026-06-29 10:25,CAN_RESERVE_EXPOSURE,0.0,POWERGRID
2026-06-29 04:56:32.374,2,2026-06-29 10:25,RESERVE_EXPOSURE,0.0,POWERGRID
2026-06-29 04:56:32.374,2,2026-06-29 10:25,symbol lock timing ,0.0,TATASTEEL
2026-06-29 04:56:32.374,2,2026-06-29 10:25,CAN_RESERVE_EXPOSURE,0.0,TATASTEEL
2026-06-29 04:56:32.374,2,2026-06-29 10:25,RESERVE_EXPOSURE,0.0,TATASTEEL
2026-06-29 04:56:33.600,2,2026-06-29 10:25,PARALLEL_ORDER_EXEC,1.226,orders=6
2026-06-29 04:56:33.605,2,2026-06-29 10:25,FETCH_LTP,0.0,symbols=6
2026-06-29 04:56:33.605,2,2026-06-29 10:25,RESULT_LTP_FETCH,0.0,NTPC
2026-06-29 04:56:33.605,2,2026-06-29 10:25,LOG_TRADE_TIME,0.0,NTPC
2026-06-29 04:56:33.605,2,2026-06-29 10:25,RESULT_PROCESS_TOTAL,0.0,NTPC
2026-06-29 04:56:33.605,2,2026-06-29 10:25,RESULT_LTP_FETCH,0.0,POWERGRID
2026-06-29 04:56:33.606,2,2026-06-29 10:25,LOG_TRADE_TIME,0.0,POWERGRID
2026-06-29 04:56:33.606,2,2026-06-29 10:25,RESULT_PROCESS_TOTAL,0.0,POWERGRID
2026-06-29 04:56:33.606,2,2026-06-29 10:25,RESULT_LTP_FETCH,0.0,VEDL
2026-06-29 04:56:33.606,2,2026-06-29 10:25,LOG_TRADE_TIME,0.0,VEDL
2026-06-29 04:56:33.606,2,2026-06-29 10:25,RESULT_PROCESS_TOTAL,0.0,VEDL
2026-06-29 04:56:33.606,2,2026-06-29 10:25,RESULT_LTP_FETCH,0.0,TATASTEEL
2026-06-29 04:56:33.606,2,2026-06-29 10:25,LOG_TRADE_TIME,0.0,TATASTEEL
2026-06-29 04:56:33.606,2,2026-06-29 10:25,RESULT_PROCESS_TOTAL,0.0,TATASTEEL
2026-06-29 04:56:33.606,2,2026-06-29 10:25,RESULT_LTP_FETCH,0.0,ITC
2026-06-29 04:56:33.606,2,2026-06-29 10:25,LOG_TRADE_TIME,0.0,ITC
2026-06-29 04:56:33.606,2,2026-06-29 10:25,RESULT_PROCESS_TOTAL,0.0,ITC
2026-06-29 04:56:33.607,2,2026-06-29 10:25,RESULT_LTP_FETCH,0.0,ONGC
2026-06-29 04:56:33.607,2,2026-06-29 10:25,LOG_TRADE_TIME,0.0,ONGC
2026-06-29 04:56:33.607,2,2026-06-29 10:25,RESULT_PROCESS_TOTAL,0.0,ONGC
2026-06-29 04:56:33.607,2,2026-06-29 10:25,PNL_CALC,0.0,AMBUJACEM
2026-06-29 04:56:33.607,2,2026-06-29 10:25,HOLD_LOG_TRADE,0.0,AMBUJACEM
2026-06-29 04:56:33.607,2,2026-06-29 10:25,HOLD_LOOP_PER_SYMBOL,0.0,AMBUJACEM
2026-06-29 04:56:33.607,2,2026-06-29 10:25,PNL_CALC,0.0,COALINDIA
2026-06-29 04:56:33.607,2,2026-06-29 10:25,HOLD_LOG_TRADE,0.0,COALINDIA
2026-06-29 04:56:33.607,2,2026-06-29 10:25,HOLD_LOOP_PER_SYMBOL,0.0,COALINDIA
2026-06-29 04:56:33.607,2,2026-06-29 10:25,PNL_CALC,0.0,GAIL
2026-06-29 04:56:33.607,2,2026-06-29 10:25,HOLD_LOOP_PER_SYMBOL,0.0,GAIL
2026-06-29 04:56:33.608,2,2026-06-29 10:25,PNL_CALC,0.0,ITC
2026-06-29 04:56:33.608,2,2026-06-29 10:25,HOLD_LOOP_PER_SYMBOL,0.0,ITC
2026-06-29 04:56:33.608,2,2026-06-29 10:25,PNL_CALC,0.0,NTPC
2026-06-29 04:56:33.608,2,2026-06-29 10:25,HOLD_LOOP_PER_SYMBOL,0.0,NTPC
2026-06-29 04:56:33.608,2,2026-06-29 10:25,PNL_CALC,0.0,ONGC
2026-06-29 04:56:33.608,2,2026-06-29 10:25,HOLD_LOOP_PER_SYMBOL,0.0,ONGC
2026-06-29 04:56:33.608,2,2026-06-29 10:25,PNL_CALC,0.0,POWERGRID
2026-06-29 04:56:33.608,2,2026-06-29 10:25,HOLD_LOOP_PER_SYMBOL,0.0,POWERGRID
2026-06-29 04:56:33.608,2,2026-06-29 10:25,PNL_CALC,0.0,TATASTEEL
2026-06-29 04:56:33.608,2,2026-06-29 10:25,HOLD_LOOP_PER_SYMBOL,0.0,TATASTEEL
2026-06-29 04:56:33.608,2,2026-06-29 10:25,PNL_CALC,0.0,VEDL
2026-06-29 04:56:33.608,2,2026-06-29 10:25,HOLD_LOOP_PER_SYMBOL,0.0,VEDL
2026-06-29 04:56:33.608,2,2026-06-29 10:25,PNL_CALC,0.0,WIPRO
2026-06-29 04:56:33.608,2,2026-06-29 10:25,HOLD_LOG_TRADE,0.0,WIPRO
2026-06-29 04:56:33.608,2,2026-06-29 10:25,HOLD_LOOP_PER_SYMBOL,0.0,WIPRO
2026-06-29 04:56:33.609,2,2026-06-29 10:25,PNL_PER_SYMBOL,0.0,AMBUJACEM
2026-06-29 04:56:33.609,2,2026-06-29 10:25,PNL_PER_SYMBOL,0.0,COALINDIA
2026-06-29 04:56:33.609,2,2026-06-29 10:25,PNL_PER_SYMBOL,0.0,GAIL
2026-06-29 04:56:33.609,2,2026-06-29 10:25,PNL_PER_SYMBOL,0.0,ITC
2026-06-29 04:56:33.609,2,2026-06-29 10:25,PNL_PER_SYMBOL,0.0,NTPC
2026-06-29 04:56:33.609,2,2026-06-29 10:25,PNL_PER_SYMBOL,0.0,ONGC
2026-06-29 04:56:33.609,2,2026-06-29 10:25,PNL_PER_SYMBOL,0.0,POWERGRID
2026-06-29 04:56:33.609,2,2026-06-29 10:25,PNL_PER_SYMBOL,0.0,TATASTEEL
2026-06-29 04:56:33.609,2,2026-06-29 10:25,PNL_PER_SYMBOL,0.0,VEDL
2026-06-29 04:56:33.609,2,2026-06-29 10:25,PNL_PER_SYMBOL,0.0,WIPRO
2026-06-29 04:56:33.609,2,2026-06-29 10:25,PNL_LOOP_TOTAL,0.0,
2026-06-29 04:56:33.798,2,2026-06-29 10:25,UI_SNAPSHOT_TOTAL,0.189,
2026-06-29 04:56:33.798,2,2026-06-29 10:25,CYCLE_TOTAL,33.243,cycle=2
2026-06-29 04:56:33.798,2,2026-06-29 10:25,time after analyse after second broker api call,1.425,time analysis of delay
2026-06-29 04:56:40.850,2,2026-06-29 10:25,RECONCILE_CYCLE_TOTAL,7.145,pending_syms=6
2026-06-29 04:56:44.264,2,2026-06-29 10:25,RECONCILE_CYCLE_TOTAL,3.414,pending_syms=1
2026-06-29 05:11:00.890,3,2026-06-29 10:40,CYCLE_START,0.0,
2026-06-29 05:11:11.765,3,2026-06-29 10:40,BATCH_PREDICTION,10.873,symbols=['AMBUJACEM']
2026-06-29 05:11:17.876,3,2026-06-29 10:40,BATCH_PREDICTION,16.984,"symbols=['NTPC', 'VEDL', 'WIPRO']"
2026-06-29 05:11:28.924,3,2026-06-29 10:40,BATCH_PREDICTION,28.034,"symbols=['ITC', 'GAIL', 'ONGC']"
2026-06-29 05:11:32.630,3,2026-06-29 10:40,BATCH_PREDICTION,31.736,"symbols=['TATASTEEL', 'COALINDIA', 'POWERGRID']"
2026-06-29 05:11:32.680,3,2026-06-29 10:40,TREND_REDIS_GET,0.001,ITC|MISS
2026-06-29 05:11:32.681,3,2026-06-29 10:40,TREND_REDIS_GET,0.001,GAIL|MISS
2026-06-29 05:11:32.682,3,2026-06-29 10:40,TREND_REDIS_GET,0.001,ONGC|MISS
2026-06-29 05:11:32.682,3,2026-06-29 10:40,TREND_REDIS_GET,0.001,NTPC|MISS
2026-06-29 05:11:32.683,3,2026-06-29 10:40,TREND_REDIS_GET,0.001,VEDL|MISS
2026-06-29 05:11:32.684,3,2026-06-29 10:40,TREND_REDIS_GET,0.001,WIPRO|MISS
2026-06-29 05:11:32.684,3,2026-06-29 10:40,TREND_REDIS_GET,0.001,TATASTEEL|MISS
2026-06-29 05:11:32.685,3,2026-06-29 10:40,TREND_REDIS_GET,0.001,COALINDIA|MISS
2026-06-29 05:11:32.686,3,2026-06-29 10:40,TREND_REDIS_GET,0.001,POWERGRID|MISS
2026-06-29 05:11:32.686,3,2026-06-29 10:40,TREND_REDIS_GET,0.001,AMBUJACEM|MISS
2026-06-29 05:11:32.686,3,2026-06-29 10:40,TREND_TOTAL,0.007,AMBUJACEM
2026-06-29 05:11:33.310,3,2026-06-29 10:40,BROKER_POS_FETCH,0.623,positions=9
2026-06-29 05:11:33.394,3,2026-06-29 10:40,fetch_Price_total_time,0.08,fetch_price_total_time=0.08013367652893066
2026-06-29 05:11:33.456,3,2026-06-29 10:40,fetch_Price_total_time,0.057,fetch_price_total_time=0.05722832679748535
2026-06-29 05:11:33.744,3,2026-06-29 10:40,fetch_Price_total_time,0.284,fetch_price_total_time=0.2840559482574463
2026-06-29 05:11:34.011,3,2026-06-29 10:40,fetch_Price_total_time,0.263,fetch_price_total_time=0.26302599906921387
2026-06-29 05:11:34.054,3,2026-06-29 10:40,fetch_Price_total_time,0.039,fetch_price_total_time=0.03914904594421387
2026-06-29 05:11:34.099,3,2026-06-29 10:40,fetch_Price_total_time,0.041,fetch_price_total_time=0.04045557975769043
2026-06-29 05:11:34.160,3,2026-06-29 10:40,fetch_Price_total_time,0.057,fetch_price_total_time=0.056687355041503906
2026-06-29 05:11:34.336,3,2026-06-29 10:40,fetch_Price_total_time,0.173,fetch_price_total_time=0.1725296974182129
2026-06-29 05:11:35.003,3,2026-06-29 10:40,fetch_Price_total_time,0.663,fetch_price_total_time=0.6627626419067383
2026-06-29 05:11:35.055,3,2026-06-29 10:40,fetch_Price_total_time,0.046,fetch_price_total_time=0.045625925064086914
2026-06-29 05:11:35.056,3,2026-06-29 10:40,ANALYZE_SIGNALS,1.746,symbols=10
2026-06-29 05:11:35.056,3,2026-06-29 10:40,symbol lock timing ,0.0,GAIL
2026-06-29 05:11:35.056,3,2026-06-29 10:40,CAN_RESERVE_EXPOSURE,0.0,GAIL
2026-06-29 05:11:35.057,3,2026-06-29 10:40,RESERVE_EXPOSURE,0.0,GAIL
2026-06-29 05:11:36.286,3,2026-06-29 10:40,PARALLEL_ORDER_EXEC,1.229,orders=6
2026-06-29 05:11:36.292,3,2026-06-29 10:40,FETCH_LTP,0.0,symbols=6
2026-06-29 05:11:36.292,3,2026-06-29 10:40,RESULT_LTP_FETCH,0.0,GAIL
2026-06-29 05:11:36.292,3,2026-06-29 10:40,LOG_TRADE_TIME,0.0,GAIL
2026-06-29 05:11:36.292,3,2026-06-29 10:40,RESULT_PROCESS_TOTAL,0.0,GAIL
2026-06-29 05:11:36.292,3,2026-06-29 10:40,RESULT_LTP_FETCH,0.0,POWERGRID
2026-06-29 05:11:36.292,3,2026-06-29 10:40,LOG_TRADE_TIME,0.0,POWERGRID
2026-06-29 05:11:36.292,3,2026-06-29 10:40,RESULT_PROCESS_TOTAL,0.0,POWERGRID
2026-06-29 05:11:36.292,3,2026-06-29 10:40,RESULT_LTP_FETCH,0.0,AMBUJACEM
2026-06-29 05:11:36.293,3,2026-06-29 10:40,LOG_TRADE_TIME,0.0,AMBUJACEM
2026-06-29 05:11:36.293,3,2026-06-29 10:40,RESULT_PROCESS_TOTAL,0.0,AMBUJACEM
2026-06-29 05:11:36.293,3,2026-06-29 10:40,RESULT_LTP_FETCH,0.0,ITC
2026-06-29 05:11:36.293,3,2026-06-29 10:40,LOG_TRADE_TIME,0.0,ITC
2026-06-29 05:11:36.293,3,2026-06-29 10:40,RESULT_PROCESS_TOTAL,0.0,ITC
2026-06-29 05:11:36.293,3,2026-06-29 10:40,RESULT_LTP_FETCH,0.0,COALINDIA
2026-06-29 05:11:36.293,3,2026-06-29 10:40,LOG_TRADE_TIME,0.0,COALINDIA
2026-06-29 05:11:36.293,3,2026-06-29 10:40,RESULT_PROCESS_TOTAL,0.0,COALINDIA
2026-06-29 05:11:36.293,3,2026-06-29 10:40,RESULT_LTP_FETCH,0.0,VEDL
2026-06-29 05:11:36.293,3,2026-06-29 10:40,LOG_TRADE_TIME,0.0,VEDL
2026-06-29 05:11:36.293,3,2026-06-29 10:40,RESULT_PROCESS_TOTAL,0.0,VEDL
2026-06-29 05:11:36.293,3,2026-06-29 10:40,PNL_CALC,0.0,AMBUJACEM
2026-06-29 05:11:36.294,3,2026-06-29 10:40,HOLD_LOOP_PER_SYMBOL,0.0,AMBUJACEM
2026-06-29 05:11:36.294,3,2026-06-29 10:40,PNL_CALC,0.0,COALINDIA
2026-06-29 05:11:36.294,3,2026-06-29 10:40,HOLD_LOOP_PER_SYMBOL,0.0,COALINDIA
2026-06-29 05:11:36.294,3,2026-06-29 10:40,PNL_CALC,0.0,GAIL
2026-06-29 05:11:36.294,3,2026-06-29 10:40,HOLD_LOOP_PER_SYMBOL,0.0,GAIL
2026-06-29 05:11:36.294,3,2026-06-29 10:40,PNL_CALC,0.0,ITC
2026-06-29 05:11:36.294,3,2026-06-29 10:40,HOLD_LOOP_PER_SYMBOL,0.0,ITC
2026-06-29 05:11:36.294,3,2026-06-29 10:40,PNL_CALC,0.0,NTPC
2026-06-29 05:11:36.294,3,2026-06-29 10:40,HOLD_LOG_TRADE,0.0,NTPC
2026-06-29 05:11:36.294,3,2026-06-29 10:40,HOLD_LOOP_PER_SYMBOL,0.0,NTPC
2026-06-29 05:11:36.294,3,2026-06-29 10:40,PNL_CALC,0.0,ONGC
2026-06-29 05:11:36.295,3,2026-06-29 10:40,HOLD_LOG_TRADE,0.0,ONGC
2026-06-29 05:11:36.295,3,2026-06-29 10:40,HOLD_LOOP_PER_SYMBOL,0.0,ONGC
2026-06-29 05:11:36.295,3,2026-06-29 10:40,PNL_CALC,0.0,POWERGRID
2026-06-29 05:11:36.295,3,2026-06-29 10:40,HOLD_LOOP_PER_SYMBOL,0.0,POWERGRID
2026-06-29 05:11:36.295,3,2026-06-29 10:40,PNL_CALC,0.0,TATASTEEL
2026-06-29 05:11:36.295,3,2026-06-29 10:40,HOLD_LOG_TRADE,0.0,TATASTEEL
2026-06-29 05:11:36.295,3,2026-06-29 10:40,HOLD_LOOP_PER_SYMBOL,0.0,TATASTEEL
2026-06-29 05:11:36.295,3,2026-06-29 10:40,PNL_CALC,0.0,VEDL
2026-06-29 05:11:36.295,3,2026-06-29 10:40,HOLD_LOOP_PER_SYMBOL,0.0,VEDL
2026-06-29 05:11:36.295,3,2026-06-29 10:40,PNL_CALC,0.0,WIPRO
2026-06-29 05:11:36.295,3,2026-06-29 10:40,HOLD_LOG_TRADE,0.0,WIPRO
2026-06-29 05:11:36.295,3,2026-06-29 10:40,HOLD_LOOP_PER_SYMBOL,0.0,WIPRO
2026-06-29 05:11:36.295,3,2026-06-29 10:40,PNL_PER_SYMBOL,0.0,AMBUJACEM
2026-06-29 05:11:36.296,3,2026-06-29 10:40,PNL_PER_SYMBOL,0.0,COALINDIA
2026-06-29 05:11:36.296,3,2026-06-29 10:40,PNL_PER_SYMBOL,0.0,GAIL
2026-06-29 05:11:36.296,3,2026-06-29 10:40,PNL_PER_SYMBOL,0.0,ITC
2026-06-29 05:11:36.296,3,2026-06-29 10:40,PNL_PER_SYMBOL,0.0,NTPC
2026-06-29 05:11:36.296,3,2026-06-29 10:40,PNL_PER_SYMBOL,0.0,ONGC
2026-06-29 05:11:36.296,3,2026-06-29 10:40,PNL_PER_SYMBOL,0.0,POWERGRID
2026-06-29 05:11:36.296,3,2026-06-29 10:40,PNL_PER_SYMBOL,0.0,TATASTEEL
2026-06-29 05:11:36.296,3,2026-06-29 10:40,PNL_PER_SYMBOL,0.0,VEDL
2026-06-29 05:11:36.296,3,2026-06-29 10:40,PNL_PER_SYMBOL,0.0,WIPRO
2026-06-29 05:11:36.296,3,2026-06-29 10:40,PNL_LOOP_TOTAL,0.0,
2026-06-29 05:11:36.487,3,2026-06-29 10:40,UI_SNAPSHOT_TOTAL,0.191,
2026-06-29 05:11:36.487,3,2026-06-29 10:40,CYCLE_TOTAL,35.597,cycle=3
2026-06-29 05:11:36.487,3,2026-06-29 10:40,time after analyse after second broker api call,1.431,time analysis of delay
2026-06-29 05:11:43.544,3,2026-06-29 10:40,RECONCILE_CYCLE_TOTAL,7.165,pending_syms=6
2026-06-29 05:11:46.958,3,2026-06-29 10:40,RECONCILE_CYCLE_TOTAL,3.414,pending_syms=1
2026-06-29 05:26:00.580,4,2026-06-29 10:55,CYCLE_START,0.0,
2026-06-29 05:26:07.085,4,2026-06-29 10:55,BATCH_PREDICTION,6.502,symbols=['AMBUJACEM']
2026-06-29 05:26:22.179,4,2026-06-29 10:55,BATCH_PREDICTION,21.599,"symbols=['ITC', 'GAIL', 'ONGC']"
2026-06-29 05:26:33.306,4,2026-06-29 10:55,BATCH_PREDICTION,32.724,"symbols=['NTPC', 'VEDL', 'WIPRO']"
2026-06-29 05:26:35.560,4,2026-06-29 10:55,BATCH_PREDICTION,34.978,"symbols=['TATASTEEL', 'COALINDIA', 'POWERGRID']"
2026-06-29 05:26:35.614,4,2026-06-29 10:55,TREND_REDIS_GET,0.001,ITC|MISS
2026-06-29 05:26:35.614,4,2026-06-29 10:55,TREND_REDIS_GET,0.001,GAIL|MISS
2026-06-29 05:26:35.615,4,2026-06-29 10:55,TREND_REDIS_GET,0.001,ONGC|MISS
2026-06-29 05:26:35.616,4,2026-06-29 10:55,TREND_REDIS_GET,0.001,NTPC|MISS
2026-06-29 05:26:35.617,4,2026-06-29 10:55,TREND_REDIS_GET,0.001,VEDL|MISS
2026-06-29 05:26:35.617,4,2026-06-29 10:55,TREND_REDIS_GET,0.001,WIPRO|MISS
2026-06-29 05:26:35.618,4,2026-06-29 10:55,TREND_REDIS_GET,0.001,TATASTEEL|MISS
2026-06-29 05:26:35.619,4,2026-06-29 10:55,TREND_REDIS_GET,0.001,COALINDIA|MISS
2026-06-29 05:26:35.619,4,2026-06-29 10:55,TREND_REDIS_GET,0.001,POWERGRID|MISS
2026-06-29 05:26:35.620,4,2026-06-29 10:55,TREND_REDIS_GET,0.001,AMBUJACEM|MISS
2026-06-29 05:26:35.620,4,2026-06-29 10:55,TREND_TOTAL,0.007,AMBUJACEM
2026-06-29 05:26:36.223,4,2026-06-29 10:55,BROKER_POS_FETCH,0.602,positions=10
2026-06-29 05:26:36.246,4,2026-06-29 10:55,ANALYZE_SIGNALS,0.023,symbols=10
2026-06-29 05:26:37.469,4,2026-06-29 10:55,PARALLEL_ORDER_EXEC,1.223,orders=6
2026-06-29 05:26:37.474,4,2026-06-29 10:55,FETCH_LTP,0.0,symbols=6
2026-06-29 05:26:37.474,4,2026-06-29 10:55,RESULT_LTP_FETCH,0.0,AMBUJACEM
2026-06-29 05:26:37.474,4,2026-06-29 10:55,LOG_TRADE_TIME,0.0,AMBUJACEM
2026-06-29 05:26:37.474,4,2026-06-29 10:55,RESULT_PROCESS_TOTAL,0.0,AMBUJACEM
2026-06-29 05:26:37.474,4,2026-06-29 10:55,RESULT_LTP_FETCH,0.0,ONGC
2026-06-29 05:26:37.475,4,2026-06-29 10:55,LOG_TRADE_TIME,0.0,ONGC
2026-06-29 05:26:37.475,4,2026-06-29 10:55,RESULT_PROCESS_TOTAL,0.0,ONGC
2026-06-29 05:26:37.475,4,2026-06-29 10:55,RESULT_LTP_FETCH,0.0,NTPC
2026-06-29 05:26:37.475,4,2026-06-29 10:55,LOG_TRADE_TIME,0.0,NTPC
2026-06-29 05:26:37.475,4,2026-06-29 10:55,RESULT_PROCESS_TOTAL,0.0,NTPC
2026-06-29 05:26:37.475,4,2026-06-29 10:55,RESULT_LTP_FETCH,0.0,GAIL
2026-06-29 05:26:37.475,4,2026-06-29 10:55,LOG_TRADE_TIME,0.0,GAIL
2026-06-29 05:26:37.475,4,2026-06-29 10:55,RESULT_PROCESS_TOTAL,0.0,GAIL
2026-06-29 05:26:37.475,4,2026-06-29 10:55,RESULT_LTP_FETCH,0.0,COALINDIA
2026-06-29 05:26:37.475,4,2026-06-29 10:55,LOG_TRADE_TIME,0.0,COALINDIA
2026-06-29 05:26:37.475,4,2026-06-29 10:55,RESULT_PROCESS_TOTAL,0.0,COALINDIA
2026-06-29 05:26:37.475,4,2026-06-29 10:55,RESULT_LTP_FETCH,0.0,ITC
2026-06-29 05:26:37.475,4,2026-06-29 10:55,LOG_TRADE_TIME,0.0,ITC
2026-06-29 05:26:37.475,4,2026-06-29 10:55,RESULT_PROCESS_TOTAL,0.0,ITC
2026-06-29 05:26:37.475,4,2026-06-29 10:55,PNL_CALC,0.0,AMBUJACEM
2026-06-29 05:26:37.475,4,2026-06-29 10:55,HOLD_LOOP_PER_SYMBOL,0.0,AMBUJACEM
2026-06-29 05:26:37.476,4,2026-06-29 10:55,PNL_CALC,0.0,COALINDIA
2026-06-29 05:26:37.476,4,2026-06-29 10:55,HOLD_LOOP_PER_SYMBOL,0.0,COALINDIA
2026-06-29 05:26:37.476,4,2026-06-29 10:55,PNL_CALC,0.0,GAIL
2026-06-29 05:26:37.476,4,2026-06-29 10:55,HOLD_LOOP_PER_SYMBOL,0.0,GAIL
2026-06-29 05:26:37.476,4,2026-06-29 10:55,PNL_CALC,0.0,ITC
2026-06-29 05:26:37.476,4,2026-06-29 10:55,HOLD_LOOP_PER_SYMBOL,0.0,ITC
2026-06-29 05:26:37.476,4,2026-06-29 10:55,PNL_CALC,0.0,NTPC
2026-06-29 05:26:37.476,4,2026-06-29 10:55,HOLD_LOOP_PER_SYMBOL,0.0,NTPC
2026-06-29 05:26:37.476,4,2026-06-29 10:55,PNL_CALC,0.0,ONGC
2026-06-29 05:26:37.476,4,2026-06-29 10:55,HOLD_LOOP_PER_SYMBOL,0.0,ONGC
2026-06-29 05:26:37.476,4,2026-06-29 10:55,PNL_CALC,0.0,POWERGRID
2026-06-29 05:26:37.476,4,2026-06-29 10:55,HOLD_LOG_TRADE,0.0,POWERGRID
2026-06-29 05:26:37.476,4,2026-06-29 10:55,HOLD_LOOP_PER_SYMBOL,0.0,POWERGRID
2026-06-29 05:26:37.477,4,2026-06-29 10:55,PNL_CALC,0.0,TATASTEEL
2026-06-29 05:26:37.477,4,2026-06-29 10:55,HOLD_LOG_TRADE,0.0,TATASTEEL
2026-06-29 05:26:37.477,4,2026-06-29 10:55,HOLD_LOOP_PER_SYMBOL,0.0,TATASTEEL
2026-06-29 05:26:37.477,4,2026-06-29 10:55,PNL_CALC,0.0,VEDL
2026-06-29 05:26:37.477,4,2026-06-29 10:55,HOLD_LOG_TRADE,0.0,VEDL
2026-06-29 05:26:37.477,4,2026-06-29 10:55,HOLD_LOOP_PER_SYMBOL,0.0,VEDL
2026-06-29 05:26:37.477,4,2026-06-29 10:55,PNL_CALC,0.0,WIPRO
2026-06-29 05:26:37.477,4,2026-06-29 10:55,HOLD_LOG_TRADE,0.0,WIPRO
2026-06-29 05:26:37.477,4,2026-06-29 10:55,HOLD_LOOP_PER_SYMBOL,0.0,WIPRO
2026-06-29 05:26:37.477,4,2026-06-29 10:55,PNL_PER_SYMBOL,0.0,AMBUJACEM
2026-06-29 05:26:37.477,4,2026-06-29 10:55,PNL_PER_SYMBOL,0.0,COALINDIA
2026-06-29 05:26:37.477,4,2026-06-29 10:55,PNL_PER_SYMBOL,0.0,GAIL
2026-06-29 05:26:37.478,4,2026-06-29 10:55,PNL_PER_SYMBOL,0.0,ITC
2026-06-29 05:26:37.478,4,2026-06-29 10:55,PNL_PER_SYMBOL,0.0,NTPC
2026-06-29 05:26:37.478,4,2026-06-29 10:55,PNL_PER_SYMBOL,0.0,ONGC
2026-06-29 05:26:37.478,4,2026-06-29 10:55,PNL_PER_SYMBOL,0.0,POWERGRID
2026-06-29 05:26:37.478,4,2026-06-29 10:55,PNL_PER_SYMBOL,0.0,TATASTEEL
2026-06-29 05:26:37.478,4,2026-06-29 10:55,PNL_PER_SYMBOL,0.0,VEDL
2026-06-29 05:26:37.478,4,2026-06-29 10:55,PNL_PER_SYMBOL,0.0,WIPRO
2026-06-29 05:26:37.478,4,2026-06-29 10:55,PNL_LOOP_TOTAL,0.001,
2026-06-29 05:26:37.667,4,2026-06-29 10:55,UI_SNAPSHOT_TOTAL,0.189,
2026-06-29 05:26:37.668,4,2026-06-29 10:55,CYCLE_TOTAL,37.088,cycle=4
2026-06-29 05:26:37.668,4,2026-06-29 10:55,time after analyse after second broker api call,1.421,time analysis of delay
2026-06-29 05:26:45.413,4,2026-06-29 10:55,RECONCILE_CYCLE_TOTAL,7.335,pending_syms=6
2026-06-29 05:26:48.883,4,2026-06-29 10:55,RECONCILE_CYCLE_TOTAL,3.469,pending_syms=1
2026-06-29 05:32:37.498,4,2026-06-29 10:55,RECONCILE_CYCLE_TOTAL,3.576,pending_syms=1
2026-06-29 05:41:00.764,5,2026-06-29 11:10,CYCLE_START,0.0,
2026-06-29 05:41:18.949,5,2026-06-29 11:10,BATCH_PREDICTION,18.183,"symbols=['TATASTEEL', 'COALINDIA', 'POWERGRID']"
2026-06-29 05:41:19.570,5,2026-06-29 11:10,BATCH_PREDICTION,18.802,"symbols=['NTPC', 'VEDL', 'WIPRO']"
2026-06-29 05:41:28.471,5,2026-06-29 11:10,BATCH_PREDICTION,27.706,"symbols=['ITC', 'GAIL', 'ONGC']"
2026-06-29 05:41:28.512,5,2026-06-29 11:10,TREND_REDIS_GET,0.001,ITC|MISS
2026-06-29 05:41:28.513,5,2026-06-29 11:10,TREND_REDIS_GET,0.001,GAIL|MISS
2026-06-29 05:41:28.513,5,2026-06-29 11:10,TREND_REDIS_GET,0.001,ONGC|MISS
2026-06-29 05:41:28.514,5,2026-06-29 11:10,TREND_REDIS_GET,0.001,NTPC|MISS
2026-06-29 05:41:28.515,5,2026-06-29 11:10,TREND_REDIS_GET,0.001,VEDL|MISS
2026-06-29 05:41:28.516,5,2026-06-29 11:10,TREND_REDIS_GET,0.001,WIPRO|MISS
2026-06-29 05:41:28.516,5,2026-06-29 11:10,TREND_REDIS_GET,0.001,TATASTEEL|MISS
2026-06-29 05:41:28.517,5,2026-06-29 11:10,TREND_REDIS_GET,0.001,COALINDIA|MISS
2026-06-29 05:41:28.518,5,2026-06-29 11:10,TREND_REDIS_GET,0.001,POWERGRID|MISS
2026-06-29 05:41:28.518,5,2026-06-29 11:10,TREND_TOTAL,0.007,POWERGRID
2026-06-29 05:41:29.129,5,2026-06-29 11:10,BROKER_POS_FETCH,0.611,positions=9
2026-06-29 05:41:29.208,5,2026-06-29 11:10,fetch_Price_total_time,0.072,fetch_price_total_time=0.07225298881530762
2026-06-29 05:41:29.252,5,2026-06-29 11:10,fetch_Price_total_time,0.04,fetch_price_total_time=0.04023122787475586
2026-06-29 05:41:29.308,5,2026-06-29 11:10,fetch_Price_total_time,0.051,fetch_price_total_time=0.051020145416259766
2026-06-29 05:41:29.366,5,2026-06-29 11:10,fetch_Price_total_time,0.055,fetch_price_total_time=0.05447649955749512
2026-06-29 05:41:29.414,5,2026-06-29 11:10,fetch_Price_total_time,0.043,fetch_price_total_time=0.043308258056640625
2026-06-29 05:41:29.466,5,2026-06-29 11:10,fetch_Price_total_time,0.048,fetch_price_total_time=0.0477449893951416
2026-06-29 05:41:29.746,5,2026-06-29 11:10,fetch_Price_total_time,0.276,fetch_price_total_time=0.2755880355834961
2026-06-29 05:41:29.795,5,2026-06-29 11:10,fetch_Price_total_time,0.045,fetch_price_total_time=0.04512286186218262
2026-06-29 05:41:29.797,5,2026-06-29 11:10,ANALYZE_SIGNALS,0.667,symbols=9
2026-06-29 05:41:31.023,5,2026-06-29 11:10,PARALLEL_ORDER_EXEC,1.225,orders=6
2026-06-29 05:41:31.028,5,2026-06-29 11:10,FETCH_LTP,0.0,symbols=6
2026-06-29 05:41:31.028,5,2026-06-29 11:10,RESULT_LTP_FETCH,0.0,ITC
2026-06-29 05:41:31.028,5,2026-06-29 11:10,LOG_TRADE_TIME,0.0,ITC
2026-06-29 05:41:31.029,5,2026-06-29 11:10,RESULT_PROCESS_TOTAL,0.001,ITC
2026-06-29 05:41:31.029,5,2026-06-29 11:10,RESULT_LTP_FETCH,0.0,POWERGRID
2026-06-29 05:41:31.029,5,2026-06-29 11:10,LOG_TRADE_TIME,0.0,POWERGRID
2026-06-29 05:41:31.030,5,2026-06-29 11:10,RESULT_PROCESS_TOTAL,0.001,POWERGRID
2026-06-29 05:41:31.030,5,2026-06-29 11:10,RESULT_LTP_FETCH,0.0,NTPC
2026-06-29 05:41:31.030,5,2026-06-29 11:10,LOG_TRADE_TIME,0.0,NTPC
2026-06-29 05:41:31.030,5,2026-06-29 11:10,RESULT_PROCESS_TOTAL,0.001,NTPC
2026-06-29 05:41:31.030,5,2026-06-29 11:10,RESULT_LTP_FETCH,0.0,COALINDIA
2026-06-29 05:41:31.031,5,2026-06-29 11:10,LOG_TRADE_TIME,0.0,COALINDIA
2026-06-29 05:41:31.031,5,2026-06-29 11:10,RESULT_PROCESS_TOTAL,0.0,COALINDIA
2026-06-29 05:41:31.031,5,2026-06-29 11:10,RESULT_LTP_FETCH,0.0,VEDL
2026-06-29 05:41:31.031,5,2026-06-29 11:10,LOG_TRADE_TIME,0.0,VEDL
2026-06-29 05:41:31.031,5,2026-06-29 11:10,RESULT_PROCESS_TOTAL,0.0,VEDL
2026-06-29 05:41:31.031,5,2026-06-29 11:10,RESULT_LTP_FETCH,0.0,TATASTEEL
2026-06-29 05:41:31.031,5,2026-06-29 11:10,LOG_TRADE_TIME,0.0,TATASTEEL
2026-06-29 05:41:31.031,5,2026-06-29 11:10,RESULT_PROCESS_TOTAL,0.0,TATASTEEL
2026-06-29 05:41:31.031,5,2026-06-29 11:10,PNL_CALC,0.0,COALINDIA
2026-06-29 05:41:31.031,5,2026-06-29 11:10,HOLD_LOOP_PER_SYMBOL,0.0,COALINDIA
2026-06-29 05:41:31.031,5,2026-06-29 11:10,PNL_CALC,0.0,GAIL
2026-06-29 05:41:31.032,5,2026-06-29 11:10,HOLD_LOG_TRADE,0.0,GAIL
2026-06-29 05:41:31.032,5,2026-06-29 11:10,HOLD_LOOP_PER_SYMBOL,0.0,GAIL
2026-06-29 05:41:31.032,5,2026-06-29 11:10,PNL_CALC,0.0,ITC
2026-06-29 05:41:31.032,5,2026-06-29 11:10,HOLD_LOOP_PER_SYMBOL,0.0,ITC
2026-06-29 05:41:31.032,5,2026-06-29 11:10,PNL_CALC,0.0,NTPC
2026-06-29 05:41:31.032,5,2026-06-29 11:10,HOLD_LOOP_PER_SYMBOL,0.0,NTPC
2026-06-29 05:41:31.032,5,2026-06-29 11:10,PNL_CALC,0.0,ONGC
2026-06-29 05:41:31.032,5,2026-06-29 11:10,HOLD_LOG_TRADE,0.0,ONGC
2026-06-29 05:41:31.032,5,2026-06-29 11:10,HOLD_LOOP_PER_SYMBOL,0.0,ONGC
2026-06-29 05:41:31.032,5,2026-06-29 11:10,PNL_CALC,0.0,POWERGRID
2026-06-29 05:41:31.032,5,2026-06-29 11:10,HOLD_LOOP_PER_SYMBOL,0.0,POWERGRID
2026-06-29 05:41:31.032,5,2026-06-29 11:10,PNL_CALC,0.0,TATASTEEL
2026-06-29 05:41:31.033,5,2026-06-29 11:10,HOLD_LOOP_PER_SYMBOL,0.0,TATASTEEL
2026-06-29 05:41:31.033,5,2026-06-29 11:10,PNL_CALC,0.0,VEDL
2026-06-29 05:41:31.033,5,2026-06-29 11:10,HOLD_LOOP_PER_SYMBOL,0.0,VEDL
2026-06-29 05:41:31.033,5,2026-06-29 11:10,PNL_CALC,0.0,WIPRO
2026-06-29 05:41:31.033,5,2026-06-29 11:10,HOLD_LOG_TRADE,0.0,WIPRO
2026-06-29 05:41:31.033,5,2026-06-29 11:10,HOLD_LOOP_PER_SYMBOL,0.0,WIPRO
2026-06-29 05:41:31.033,5,2026-06-29 11:10,PNL_PER_SYMBOL,0.0,COALINDIA
2026-06-29 05:41:31.033,5,2026-06-29 11:10,PNL_PER_SYMBOL,0.0,GAIL
2026-06-29 05:41:31.033,5,2026-06-29 11:10,PNL_PER_SYMBOL,0.0,ITC
2026-06-29 05:41:31.033,5,2026-06-29 11:10,PNL_PER_SYMBOL,0.0,NTPC
2026-06-29 05:41:31.033,5,2026-06-29 11:10,PNL_PER_SYMBOL,0.0,ONGC
2026-06-29 05:41:31.033,5,2026-06-29 11:10,PNL_PER_SYMBOL,0.0,POWERGRID
2026-06-29 05:41:31.033,5,2026-06-29 11:10,PNL_PER_SYMBOL,0.0,TATASTEEL
2026-06-29 05:41:31.033,5,2026-06-29 11:10,PNL_PER_SYMBOL,0.0,VEDL
2026-06-29 05:41:31.033,5,2026-06-29 11:10,PNL_PER_SYMBOL,0.0,WIPRO
2026-06-29 05:41:31.034,5,2026-06-29 11:10,PNL_LOOP_TOTAL,0.001,
2026-06-29 05:41:31.223,5,2026-06-29 11:10,UI_SNAPSHOT_TOTAL,0.189,
2026-06-29 05:41:31.223,5,2026-06-29 11:10,CYCLE_TOTAL,30.459,cycle=5
2026-06-29 05:41:31.223,5,2026-06-29 11:10,time after analyse after second broker api call,1.426,time analysis of delay
2026-06-29 05:41:40.500,5,2026-06-29 11:10,RECONCILE_CYCLE_TOTAL,8.942,pending_syms=6
2026-06-29 05:56:00.324,6,2026-06-29 11:25,CYCLE_START,0.0,
2026-06-29 05:56:14.839,6,2026-06-29 11:25,BATCH_PREDICTION,14.511,"symbols=['TATASTEEL', 'COALINDIA', 'POWERGRID']"
2026-06-29 05:56:16.778,6,2026-06-29 11:25,BATCH_PREDICTION,16.453,"symbols=['ITC', 'GAIL', 'ONGC']"
2026-06-29 05:56:28.245,6,2026-06-29 11:25,BATCH_PREDICTION,27.917,"symbols=['NTPC', 'VEDL', 'WIPRO']"
2026-06-29 05:56:28.286,6,2026-06-29 11:25,TREND_REDIS_GET,0.001,ITC|MISS
2026-06-29 05:56:28.286,6,2026-06-29 11:25,TREND_REDIS_GET,0.001,GAIL|MISS
2026-06-29 05:56:28.287,6,2026-06-29 11:25,TREND_REDIS_GET,0.001,ONGC|MISS
2026-06-29 05:56:28.288,6,2026-06-29 11:25,TREND_REDIS_GET,0.001,NTPC|MISS
2026-06-29 05:56:28.288,6,2026-06-29 11:25,TREND_REDIS_GET,0.001,VEDL|MISS
2026-06-29 05:56:28.289,6,2026-06-29 11:25,TREND_REDIS_GET,0.001,WIPRO|MISS
2026-06-29 05:56:28.290,6,2026-06-29 11:25,TREND_REDIS_GET,0.001,TATASTEEL|MISS
2026-06-29 05:56:28.290,6,2026-06-29 11:25,TREND_REDIS_GET,0.001,COALINDIA|MISS
2026-06-29 05:56:28.291,6,2026-06-29 11:25,TREND_REDIS_GET,0.001,POWERGRID|MISS
2026-06-29 05:56:28.291,6,2026-06-29 11:25,TREND_TOTAL,0.006,POWERGRID
2026-06-29 05:56:28.902,6,2026-06-29 11:25,BROKER_POS_FETCH,0.61,positions=9
2026-06-29 05:56:28.927,6,2026-06-29 11:25,ANALYZE_SIGNALS,0.025,symbols=9
2026-06-29 05:56:28.927,6,2026-06-29 11:25,symbol lock timing ,0.0,TATASTEEL
2026-06-29 05:56:28.927,6,2026-06-29 11:25,CAN_RESERVE_EXPOSURE,0.0,TATASTEEL
2026-06-29 05:56:28.927,6,2026-06-29 11:25,RESERVE_EXPOSURE,0.0,TATASTEEL
2026-06-29 05:56:29.662,6,2026-06-29 11:25,PARALLEL_ORDER_EXEC,0.734,orders=5
2026-06-29 05:56:29.665,6,2026-06-29 11:25,FETCH_LTP,0.0,symbols=5
2026-06-29 05:56:29.666,6,2026-06-29 11:25,RESULT_LTP_FETCH,0.0,GAIL
2026-06-29 05:56:29.666,6,2026-06-29 11:25,LOG_TRADE_TIME,0.0,GAIL
2026-06-29 05:56:29.666,6,2026-06-29 11:25,RESULT_PROCESS_TOTAL,0.0,GAIL
2026-06-29 05:56:29.666,6,2026-06-29 11:25,RESULT_LTP_FETCH,0.0,COALINDIA
2026-06-29 05:56:29.666,6,2026-06-29 11:25,LOG_TRADE_TIME,0.0,COALINDIA
2026-06-29 05:56:29.666,6,2026-06-29 11:25,RESULT_PROCESS_TOTAL,0.0,COALINDIA
2026-06-29 05:56:29.666,6,2026-06-29 11:25,RESULT_LTP_FETCH,0.0,ONGC
2026-06-29 05:56:29.667,6,2026-06-29 11:25,LOG_TRADE_TIME,0.0,ONGC
2026-06-29 05:56:29.667,6,2026-06-29 11:25,RESULT_PROCESS_TOTAL,0.0,ONGC
2026-06-29 05:56:29.667,6,2026-06-29 11:25,RESULT_LTP_FETCH,0.0,TATASTEEL
2026-06-29 05:56:29.667,6,2026-06-29 11:25,LOG_TRADE_TIME,0.0,TATASTEEL
2026-06-29 05:56:29.667,6,2026-06-29 11:25,RESULT_PROCESS_TOTAL,0.0,TATASTEEL
2026-06-29 05:56:29.667,6,2026-06-29 11:25,RESULT_LTP_FETCH,0.0,POWERGRID
2026-06-29 05:56:29.667,6,2026-06-29 11:25,LOG_TRADE_TIME,0.0,POWERGRID
2026-06-29 05:56:29.667,6,2026-06-29 11:25,RESULT_PROCESS_TOTAL,0.0,POWERGRID
2026-06-29 05:56:29.667,6,2026-06-29 11:25,PNL_CALC,0.0,COALINDIA
2026-06-29 05:56:29.667,6,2026-06-29 11:25,HOLD_LOOP_PER_SYMBOL,0.0,COALINDIA
2026-06-29 05:56:29.667,6,2026-06-29 11:25,PNL_CALC,0.0,GAIL
2026-06-29 05:56:29.667,6,2026-06-29 11:25,HOLD_LOOP_PER_SYMBOL,0.0,GAIL
2026-06-29 05:56:29.668,6,2026-06-29 11:25,PNL_CALC,0.0,ITC
2026-06-29 05:56:29.668,6,2026-06-29 11:25,HOLD_LOG_TRADE,0.0,ITC
2026-06-29 05:56:29.668,6,2026-06-29 11:25,HOLD_LOOP_PER_SYMBOL,0.0,ITC
2026-06-29 05:56:29.668,6,2026-06-29 11:25,PNL_CALC,0.0,NTPC
2026-06-29 05:56:29.668,6,2026-06-29 11:25,HOLD_LOG_TRADE,0.0,NTPC
2026-06-29 05:56:29.668,6,2026-06-29 11:25,HOLD_LOOP_PER_SYMBOL,0.0,NTPC
2026-06-29 05:56:29.668,6,2026-06-29 11:25,PNL_CALC,0.0,ONGC
2026-06-29 05:56:29.668,6,2026-06-29 11:25,HOLD_LOOP_PER_SYMBOL,0.0,ONGC
2026-06-29 05:56:29.668,6,2026-06-29 11:25,PNL_CALC,0.0,POWERGRID
2026-06-29 05:56:29.668,6,2026-06-29 11:25,HOLD_LOOP_PER_SYMBOL,0.0,POWERGRID
2026-06-29 05:56:29.668,6,2026-06-29 11:25,PNL_CALC,0.0,TATASTEEL
2026-06-29 05:56:29.668,6,2026-06-29 11:25,HOLD_LOOP_PER_SYMBOL,0.0,TATASTEEL
2026-06-29 05:56:29.669,6,2026-06-29 11:25,PNL_CALC,0.0,VEDL
2026-06-29 05:56:29.669,6,2026-06-29 11:25,HOLD_LOG_TRADE,0.0,VEDL
2026-06-29 05:56:29.669,6,2026-06-29 11:25,HOLD_LOOP_PER_SYMBOL,0.0,VEDL
2026-06-29 05:56:29.669,6,2026-06-29 11:25,PNL_CALC,0.0,WIPRO
2026-06-29 05:56:29.669,6,2026-06-29 11:25,HOLD_LOG_TRADE,0.0,WIPRO
2026-06-29 05:56:29.669,6,2026-06-29 11:25,HOLD_LOOP_PER_SYMBOL,0.0,WIPRO
2026-06-29 05:56:29.669,6,2026-06-29 11:25,PNL_PER_SYMBOL,0.0,COALINDIA
2026-06-29 05:56:29.669,6,2026-06-29 11:25,PNL_PER_SYMBOL,0.0,GAIL
2026-06-29 05:56:29.669,6,2026-06-29 11:25,PNL_PER_SYMBOL,0.0,ITC
2026-06-29 05:56:29.669,6,2026-06-29 11:25,PNL_PER_SYMBOL,0.0,NTPC
2026-06-29 05:56:29.669,6,2026-06-29 11:25,PNL_PER_SYMBOL,0.0,ONGC
2026-06-29 05:56:29.669,6,2026-06-29 11:25,PNL_PER_SYMBOL,0.0,POWERGRID
2026-06-29 05:56:29.669,6,2026-06-29 11:25,PNL_PER_SYMBOL,0.0,TATASTEEL
2026-06-29 05:56:29.669,6,2026-06-29 11:25,PNL_PER_SYMBOL,0.0,VEDL
2026-06-29 05:56:29.669,6,2026-06-29 11:25,PNL_PER_SYMBOL,0.0,WIPRO
2026-06-29 05:56:29.669,6,2026-06-29 11:25,PNL_LOOP_TOTAL,0.001,
2026-06-29 05:56:29.872,6,2026-06-29 11:25,UI_SNAPSHOT_TOTAL,0.203,
2026-06-29 05:56:29.872,6,2026-06-29 11:25,CYCLE_TOTAL,29.548,cycle=6
2026-06-29 05:56:29.872,6,2026-06-29 11:25,time after analyse after second broker api call,0.945,time analysis of delay
2026-06-29 05:56:38.328,6,2026-06-29 11:25,RECONCILE_CYCLE_TOTAL,7.721,pending_syms=5
2026-06-29 05:56:48.923,6,2026-06-29 11:25,RECONCILE_CYCLE_TOTAL,3.594,pending_syms=1
2026-06-29 06:03:57.573,6,2026-06-29 11:25,RECONCILE_CYCLE_TOTAL,3.594,pending_syms=1
2026-06-29 06:11:00.969,7,2026-06-29 11:40,CYCLE_START,0.0,
2026-06-29 06:11:12.038,7,2026-06-29 11:40,BATCH_PREDICTION,11.068,symbols=['POWERGRID']
2026-06-29 06:11:16.095,7,2026-06-29 11:40,BATCH_PREDICTION,15.125,"symbols=['NTPC', 'VEDL', 'TATASTEEL']"
2026-06-29 06:11:21.398,7,2026-06-29 11:40,BATCH_PREDICTION,20.427,"symbols=['ITC', 'GAIL', 'ONGC']"
2026-06-29 06:11:21.442,7,2026-06-29 11:40,TREND_REDIS_GET,0.001,ITC|MISS
2026-06-29 06:11:21.442,7,2026-06-29 11:40,TREND_REDIS_GET,0.001,GAIL|MISS
2026-06-29 06:11:21.443,7,2026-06-29 11:40,TREND_REDIS_GET,0.001,ONGC|MISS
2026-06-29 06:11:21.444,7,2026-06-29 11:40,TREND_REDIS_GET,0.001,NTPC|MISS
2026-06-29 06:11:21.444,7,2026-06-29 11:40,TREND_REDIS_GET,0.001,VEDL|MISS
2026-06-29 06:11:21.445,7,2026-06-29 11:40,TREND_REDIS_GET,0.001,TATASTEEL|MISS
2026-06-29 06:11:21.446,7,2026-06-29 11:40,TREND_REDIS_GET,0.001,POWERGRID|MISS
2026-06-29 06:11:21.446,7,2026-06-29 11:40,TREND_TOTAL,0.005,POWERGRID
2026-06-29 06:11:22.227,7,2026-06-29 11:40,BROKER_POS_FETCH,0.781,positions=7
2026-06-29 06:11:22.585,7,2026-06-29 11:40,fetch_Price_total_time,0.344,fetch_price_total_time=0.3444082736968994
2026-06-29 06:11:22.647,7,2026-06-29 11:40,fetch_Price_total_time,0.057,fetch_price_total_time=0.05731844902038574
2026-06-29 06:11:22.912,7,2026-06-29 11:40,fetch_Price_total_time,0.261,fetch_price_total_time=0.26142120361328125
2026-06-29 06:11:22.913,7,2026-06-29 11:40,ANALYZE_SIGNALS,0.686,symbols=7
2026-06-29 06:11:22.914,7,2026-06-29 11:40,symbol lock timing ,0.0,GAIL
2026-06-29 06:11:22.914,7,2026-06-29 11:40,CAN_RESERVE_EXPOSURE,0.0,GAIL
2026-06-29 06:11:22.914,7,2026-06-29 11:40,RESERVE_EXPOSURE,0.0,GAIL
2026-06-29 06:11:22.914,7,2026-06-29 11:40,symbol lock timing ,0.0,VEDL
2026-06-29 06:11:22.914,7,2026-06-29 11:40,CAN_RESERVE_EXPOSURE,0.0,VEDL
2026-06-29 06:11:22.914,7,2026-06-29 11:40,RESERVE_EXPOSURE,0.0,VEDL
2026-06-29 06:11:22.914,7,2026-06-29 11:40,SYMBOL_LOOP_TOTAL,0.0,VEDL
2026-06-29 06:11:23.766,7,2026-06-29 11:40,PARALLEL_ORDER_EXEC,0.851,orders=4
2026-06-29 06:11:23.769,7,2026-06-29 11:40,FETCH_LTP,0.0,symbols=4
2026-06-29 06:11:23.769,7,2026-06-29 11:40,RESULT_LTP_FETCH,0.0,TATASTEEL
2026-06-29 06:11:23.770,7,2026-06-29 11:40,LOG_TRADE_TIME,0.0,TATASTEEL
2026-06-29 06:11:23.770,7,2026-06-29 11:40,RESULT_PROCESS_TOTAL,0.0,TATASTEEL
2026-06-29 06:11:23.770,7,2026-06-29 11:40,RESULT_LTP_FETCH,0.0,POWERGRID
2026-06-29 06:11:23.770,7,2026-06-29 11:40,LOG_TRADE_TIME,0.0,POWERGRID
2026-06-29 06:11:23.770,7,2026-06-29 11:40,RESULT_PROCESS_TOTAL,0.0,POWERGRID
2026-06-29 06:11:23.770,7,2026-06-29 11:40,RESULT_LTP_FETCH,0.0,GAIL
2026-06-29 06:11:23.770,7,2026-06-29 11:40,LOG_TRADE_TIME,0.0,GAIL
2026-06-29 06:11:23.770,7,2026-06-29 11:40,RESULT_PROCESS_TOTAL,0.0,GAIL
2026-06-29 06:11:23.770,7,2026-06-29 11:40,RESULT_LTP_FETCH,0.0,VEDL
2026-06-29 06:11:23.770,7,2026-06-29 11:40,LOG_TRADE_TIME,0.0,VEDL
2026-06-29 06:11:23.770,7,2026-06-29 11:40,RESULT_PROCESS_TOTAL,0.0,VEDL
2026-06-29 06:11:23.770,7,2026-06-29 11:40,PNL_CALC,0.0,GAIL
2026-06-29 06:11:23.771,7,2026-06-29 11:40,HOLD_LOOP_PER_SYMBOL,0.0,GAIL
2026-06-29 06:11:23.771,7,2026-06-29 11:40,PNL_CALC,0.0,ITC
2026-06-29 06:11:23.771,7,2026-06-29 11:40,HOLD_LOG_TRADE,0.0,ITC
2026-06-29 06:11:23.771,7,2026-06-29 11:40,HOLD_LOOP_PER_SYMBOL,0.0,ITC
2026-06-29 06:11:23.771,7,2026-06-29 11:40,PNL_CALC,0.0,NTPC
2026-06-29 06:11:23.771,7,2026-06-29 11:40,HOLD_LOG_TRADE,0.0,NTPC
2026-06-29 06:11:23.771,7,2026-06-29 11:40,HOLD_LOOP_PER_SYMBOL,0.0,NTPC
2026-06-29 06:11:23.771,7,2026-06-29 11:40,PNL_CALC,0.0,ONGC
2026-06-29 06:11:23.771,7,2026-06-29 11:40,HOLD_LOG_TRADE,0.0,ONGC
2026-06-29 06:11:23.771,7,2026-06-29 11:40,HOLD_LOOP_PER_SYMBOL,0.0,ONGC
2026-06-29 06:11:23.771,7,2026-06-29 11:40,PNL_CALC,0.0,POWERGRID
2026-06-29 06:11:23.771,7,2026-06-29 11:40,HOLD_LOOP_PER_SYMBOL,0.0,POWERGRID
2026-06-29 06:11:23.772,7,2026-06-29 11:40,PNL_CALC,0.0,TATASTEEL
2026-06-29 06:11:23.772,7,2026-06-29 11:40,HOLD_LOOP_PER_SYMBOL,0.0,TATASTEEL
2026-06-29 06:11:23.772,7,2026-06-29 11:40,PNL_CALC,0.0,VEDL
2026-06-29 06:11:23.772,7,2026-06-29 11:40,HOLD_LOOP_PER_SYMBOL,0.0,VEDL
2026-06-29 06:11:23.772,7,2026-06-29 11:40,PNL_PER_SYMBOL,0.0,GAIL
2026-06-29 06:11:23.772,7,2026-06-29 11:40,PNL_PER_SYMBOL,0.0,ITC
2026-06-29 06:11:23.772,7,2026-06-29 11:40,PNL_PER_SYMBOL,0.0,NTPC
2026-06-29 06:11:23.772,7,2026-06-29 11:40,PNL_PER_SYMBOL,0.0,ONGC
2026-06-29 06:11:23.772,7,2026-06-29 11:40,PNL_PER_SYMBOL,0.0,POWERGRID
2026-06-29 06:11:23.772,7,2026-06-29 11:40,PNL_PER_SYMBOL,0.0,TATASTEEL
2026-06-29 06:11:23.772,7,2026-06-29 11:40,PNL_PER_SYMBOL,0.0,VEDL
2026-06-29 06:11:23.772,7,2026-06-29 11:40,PNL_LOOP_TOTAL,0.0,
2026-06-29 06:11:23.961,7,2026-06-29 11:40,UI_SNAPSHOT_TOTAL,0.188,
2026-06-29 06:11:23.961,7,2026-06-29 11:40,CYCLE_TOTAL,22.991,cycle=7
2026-06-29 06:11:23.961,7,2026-06-29 11:40,time after analyse after second broker api call,1.048,time analysis of delay
2026-06-29 06:11:32.881,7,2026-06-29 11:40,RECONCILE_CYCLE_TOTAL,8.255,pending_syms=4
2026-06-29 06:26:00.079,8,2026-06-29 11:55,CYCLE_START,0.0,
2026-06-29 06:26:07.977,8,2026-06-29 11:55,BATCH_PREDICTION,7.893,symbols=['POWERGRID']
2026-06-29 06:26:14.400,8,2026-06-29 11:55,BATCH_PREDICTION,14.32,"symbols=['ITC', 'GAIL', 'ONGC']"
2026-06-29 06:26:23.875,8,2026-06-29 11:55,BATCH_PREDICTION,23.793,"symbols=['NTPC', 'VEDL', 'TATASTEEL']"
2026-06-29 06:26:23.918,8,2026-06-29 11:55,TREND_REDIS_GET,0.001,ITC|MISS
2026-06-29 06:26:23.919,8,2026-06-29 11:55,TREND_REDIS_GET,0.001,GAIL|MISS
2026-06-29 06:26:23.919,8,2026-06-29 11:55,TREND_REDIS_GET,0.001,ONGC|MISS
2026-06-29 06:26:23.920,8,2026-06-29 11:55,TREND_REDIS_GET,0.001,NTPC|MISS
2026-06-29 06:26:23.921,8,2026-06-29 11:55,TREND_REDIS_GET,0.001,VEDL|MISS
2026-06-29 06:26:23.922,8,2026-06-29 11:55,TREND_REDIS_GET,0.001,TATASTEEL|MISS
2026-06-29 06:26:23.922,8,2026-06-29 11:55,TREND_REDIS_GET,0.001,POWERGRID|MISS
2026-06-29 06:26:23.922,8,2026-06-29 11:55,TREND_TOTAL,0.006,POWERGRID
2026-06-29 06:26:24.711,8,2026-06-29 11:55,BROKER_POS_FETCH,0.788,positions=7
2026-06-29 06:26:25.029,8,2026-06-29 11:55,fetch_Price_total_time,0.314,fetch_price_total_time=0.3141331672668457
2026-06-29 06:26:25.072,8,2026-06-29 11:55,fetch_Price_total_time,0.039,fetch_price_total_time=0.0392918586730957
2026-06-29 06:26:25.118,8,2026-06-29 11:55,fetch_Price_total_time,0.042,fetch_price_total_time=0.04184460639953613
2026-06-29 06:26:25.163,8,2026-06-29 11:55,fetch_Price_total_time,0.041,fetch_price_total_time=0.04134225845336914
2026-06-29 06:26:25.219,8,2026-06-29 11:55,fetch_Price_total_time,0.051,fetch_price_total_time=0.05141043663024902
2026-06-29 06:26:25.265,8,2026-06-29 11:55,fetch_Price_total_time,0.042,fetch_price_total_time=0.04189491271972656
2026-06-29 06:26:25.545,8,2026-06-29 11:55,fetch_Price_total_time,0.276,fetch_price_total_time=0.27550721168518066
2026-06-29 06:26:25.546,8,2026-06-29 11:55,ANALYZE_SIGNALS,0.835,symbols=7
2026-06-29 06:26:25.547,8,2026-06-29 11:55,symbol lock timing ,0.0,POWERGRID
2026-06-29 06:26:25.547,8,2026-06-29 11:55,CAN_RESERVE_EXPOSURE,0.0,POWERGRID
2026-06-29 06:26:25.547,8,2026-06-29 11:55,RESERVE_EXPOSURE,0.0,POWERGRID
2026-06-29 06:26:25.547,8,2026-06-29 11:55,SYMBOL_LOOP_TOTAL,0.0,POWERGRID
2026-06-29 06:26:26.339,8,2026-06-29 11:55,PARALLEL_ORDER_EXEC,0.792,orders=5
2026-06-29 06:26:26.343,8,2026-06-29 11:55,FETCH_LTP,0.0,symbols=5
2026-06-29 06:26:26.343,8,2026-06-29 11:55,RESULT_LTP_FETCH,0.0,ITC
2026-06-29 06:26:26.343,8,2026-06-29 11:55,LOG_TRADE_TIME,0.0,ITC
2026-06-29 06:26:26.343,8,2026-06-29 11:55,RESULT_PROCESS_TOTAL,0.0,ITC
2026-06-29 06:26:26.343,8,2026-06-29 11:55,RESULT_LTP_FETCH,0.0,NTPC
2026-06-29 06:26:26.343,8,2026-06-29 11:55,LOG_TRADE_TIME,0.0,NTPC
2026-06-29 06:26:26.343,8,2026-06-29 11:55,RESULT_PROCESS_TOTAL,0.0,NTPC
2026-06-29 06:26:26.343,8,2026-06-29 11:55,RESULT_LTP_FETCH,0.0,ONGC
2026-06-29 06:26:26.344,8,2026-06-29 11:55,LOG_TRADE_TIME,0.0,ONGC
2026-06-29 06:26:26.344,8,2026-06-29 11:55,RESULT_PROCESS_TOTAL,0.0,ONGC
2026-06-29 06:26:26.344,8,2026-06-29 11:55,RESULT_LTP_FETCH,0.0,GAIL
2026-06-29 06:26:26.344,8,2026-06-29 11:55,LOG_TRADE_TIME,0.0,GAIL
2026-06-29 06:26:26.344,8,2026-06-29 11:55,RESULT_PROCESS_TOTAL,0.0,GAIL
2026-06-29 06:26:26.344,8,2026-06-29 11:55,RESULT_LTP_FETCH,0.0,POWERGRID
2026-06-29 06:26:26.344,8,2026-06-29 11:55,LOG_TRADE_TIME,0.0,POWERGRID
2026-06-29 06:26:26.344,8,2026-06-29 11:55,RESULT_PROCESS_TOTAL,0.0,POWERGRID
2026-06-29 06:26:26.344,8,2026-06-29 11:55,PNL_CALC,0.0,GAIL
2026-06-29 06:26:26.344,8,2026-06-29 11:55,HOLD_LOOP_PER_SYMBOL,0.0,GAIL
2026-06-29 06:26:26.344,8,2026-06-29 11:55,PNL_CALC,0.0,ITC
2026-06-29 06:26:26.344,8,2026-06-29 11:55,HOLD_LOOP_PER_SYMBOL,0.0,ITC
2026-06-29 06:26:26.345,8,2026-06-29 11:55,PNL_CALC,0.0,NTPC
2026-06-29 06:26:26.345,8,2026-06-29 11:55,HOLD_LOOP_PER_SYMBOL,0.0,NTPC
2026-06-29 06:26:26.345,8,2026-06-29 11:55,PNL_CALC,0.0,ONGC
2026-06-29 06:26:26.345,8,2026-06-29 11:55,HOLD_LOOP_PER_SYMBOL,0.0,ONGC
2026-06-29 06:26:26.345,8,2026-06-29 11:55,PNL_CALC,0.0,POWERGRID
2026-06-29 06:26:26.345,8,2026-06-29 11:55,HOLD_LOOP_PER_SYMBOL,0.0,POWERGRID
2026-06-29 06:26:26.345,8,2026-06-29 11:55,PNL_CALC,0.0,TATASTEEL
2026-06-29 06:26:26.345,8,2026-06-29 11:55,HOLD_LOG_TRADE,0.0,TATASTEEL
2026-06-29 06:26:26.345,8,2026-06-29 11:55,HOLD_LOOP_PER_SYMBOL,0.0,TATASTEEL
2026-06-29 06:26:26.345,8,2026-06-29 11:55,PNL_CALC,0.0,VEDL
2026-06-29 06:26:26.345,8,2026-06-29 11:55,HOLD_LOG_TRADE,0.0,VEDL
2026-06-29 06:26:26.345,8,2026-06-29 11:55,HOLD_LOOP_PER_SYMBOL,0.0,VEDL
2026-06-29 06:26:26.345,8,2026-06-29 11:55,PNL_PER_SYMBOL,0.0,GAIL
2026-06-29 06:26:26.346,8,2026-06-29 11:55,PNL_PER_SYMBOL,0.0,ITC
2026-06-29 06:26:26.346,8,2026-06-29 11:55,PNL_PER_SYMBOL,0.0,NTPC
2026-06-29 06:26:26.346,8,2026-06-29 11:55,PNL_PER_SYMBOL,0.0,ONGC
2026-06-29 06:26:26.346,8,2026-06-29 11:55,PNL_PER_SYMBOL,0.0,POWERGRID
2026-06-29 06:26:26.346,8,2026-06-29 11:55,PNL_PER_SYMBOL,0.0,TATASTEEL
2026-06-29 06:26:26.346,8,2026-06-29 11:55,PNL_PER_SYMBOL,0.0,VEDL
2026-06-29 06:26:26.346,8,2026-06-29 11:55,PNL_LOOP_TOTAL,0.0,
2026-06-29 06:26:26.559,8,2026-06-29 11:55,UI_SNAPSHOT_TOTAL,0.213,
2026-06-29 06:26:26.559,8,2026-06-29 11:55,CYCLE_TOTAL,26.48,cycle=8
2026-06-29 06:26:26.559,8,2026-06-29 11:55,time after analyse after second broker api call,1.013,time analysis of delay
2026-06-29 06:26:36.422,8,2026-06-29 11:55,RECONCILE_CYCLE_TOTAL,9.435,pending_syms=5
2026-06-29 06:41:00.657,9,2026-06-29 12:10,CYCLE_START,0.0,
2026-06-29 06:41:15.554,9,2026-06-29 12:10,BATCH_PREDICTION,14.896,"symbols=['NTPC', 'VEDL', 'TATASTEEL']"
2026-06-29 06:41:21.290,9,2026-06-29 12:10,BATCH_PREDICTION,20.632,"symbols=['ITC', 'GAIL', 'ONGC']"
2026-06-29 06:41:24.622,9,2026-06-29 12:10,BATCH_PREDICTION,23.964,symbols=['POWERGRID']
2026-06-29 06:41:24.666,9,2026-06-29 12:10,TREND_REDIS_GET,0.001,ITC|MISS
2026-06-29 06:41:24.667,9,2026-06-29 12:10,TREND_REDIS_GET,0.001,GAIL|MISS
2026-06-29 06:41:24.667,9,2026-06-29 12:10,TREND_REDIS_GET,0.001,ONGC|MISS
2026-06-29 06:41:24.668,9,2026-06-29 12:10,TREND_REDIS_GET,0.001,NTPC|MISS
2026-06-29 06:41:24.669,9,2026-06-29 12:10,TREND_REDIS_GET,0.001,VEDL|MISS
2026-06-29 06:41:24.670,9,2026-06-29 12:10,TREND_REDIS_GET,0.001,TATASTEEL|MISS
2026-06-29 06:41:24.670,9,2026-06-29 12:10,TREND_REDIS_GET,0.001,POWERGRID|MISS
2026-06-29 06:41:24.670,9,2026-06-29 12:10,TREND_TOTAL,0.005,POWERGRID
2026-06-29 06:41:25.455,9,2026-06-29 12:10,BROKER_POS_FETCH,0.785,positions=7
2026-06-29 06:41:25.472,9,2026-06-29 12:10,ANALYZE_SIGNALS,0.016,symbols=7
2026-06-29 06:41:27.055,9,2026-06-29 12:10,PARALLEL_ORDER_EXEC,1.582,orders=6
2026-06-29 06:41:27.059,9,2026-06-29 12:10,FETCH_LTP,0.0,symbols=6
2026-06-29 06:41:27.060,9,2026-06-29 12:10,RESULT_LTP_FETCH,0.0,POWERGRID
2026-06-29 06:41:27.060,9,2026-06-29 12:10,LOG_TRADE_TIME,0.0,POWERGRID
2026-06-29 06:41:27.060,9,2026-06-29 12:10,RESULT_PROCESS_TOTAL,0.0,POWERGRID
2026-06-29 06:41:27.060,9,2026-06-29 12:10,RESULT_LTP_FETCH,0.0,ITC
2026-06-29 06:41:27.060,9,2026-06-29 12:10,LOG_TRADE_TIME,0.0,ITC
2026-06-29 06:41:27.060,9,2026-06-29 12:10,RESULT_PROCESS_TOTAL,0.0,ITC
2026-06-29 06:41:27.060,9,2026-06-29 12:10,RESULT_LTP_FETCH,0.0,GAIL
2026-06-29 06:41:27.060,9,2026-06-29 12:10,LOG_TRADE_TIME,0.0,GAIL
2026-06-29 06:41:27.060,9,2026-06-29 12:10,RESULT_PROCESS_TOTAL,0.0,GAIL
2026-06-29 06:41:27.060,9,2026-06-29 12:10,RESULT_LTP_FETCH,0.0,TATASTEEL
2026-06-29 06:41:27.060,9,2026-06-29 12:10,LOG_TRADE_TIME,0.0,TATASTEEL
2026-06-29 06:41:27.060,9,2026-06-29 12:10,RESULT_PROCESS_TOTAL,0.0,TATASTEEL
2026-06-29 06:41:27.060,9,2026-06-29 12:10,RESULT_LTP_FETCH,0.0,ONGC
2026-06-29 06:41:27.060,9,2026-06-29 12:10,LOG_TRADE_TIME,0.0,ONGC
2026-06-29 06:41:27.061,9,2026-06-29 12:10,RESULT_PROCESS_TOTAL,0.0,ONGC
2026-06-29 06:41:27.061,9,2026-06-29 12:10,RESULT_LTP_FETCH,0.0,VEDL
2026-06-29 06:41:27.061,9,2026-06-29 12:10,LOG_TRADE_TIME,0.0,VEDL
2026-06-29 06:41:27.061,9,2026-06-29 12:10,RESULT_PROCESS_TOTAL,0.0,VEDL
2026-06-29 06:41:27.061,9,2026-06-29 12:10,PNL_CALC,0.0,GAIL
2026-06-29 06:41:27.061,9,2026-06-29 12:10,HOLD_LOOP_PER_SYMBOL,0.0,GAIL
2026-06-29 06:41:27.061,9,2026-06-29 12:10,PNL_CALC,0.0,ITC
2026-06-29 06:41:27.061,9,2026-06-29 12:10,HOLD_LOOP_PER_SYMBOL,0.0,ITC
2026-06-29 06:41:27.061,9,2026-06-29 12:10,PNL_CALC,0.0,NTPC
2026-06-29 06:41:27.061,9,2026-06-29 12:10,HOLD_LOG_TRADE,0.0,NTPC
2026-06-29 06:41:27.061,9,2026-06-29 12:10,HOLD_LOOP_PER_SYMBOL,0.0,NTPC
2026-06-29 06:41:27.061,9,2026-06-29 12:10,PNL_CALC,0.0,ONGC
2026-06-29 06:41:27.061,9,2026-06-29 12:10,HOLD_LOOP_PER_SYMBOL,0.0,ONGC
2026-06-29 06:41:27.061,9,2026-06-29 12:10,PNL_CALC,0.0,POWERGRID
2026-06-29 06:41:27.061,9,2026-06-29 12:10,HOLD_LOOP_PER_SYMBOL,0.0,POWERGRID
2026-06-29 06:41:27.062,9,2026-06-29 12:10,PNL_CALC,0.0,TATASTEEL
2026-06-29 06:41:27.062,9,2026-06-29 12:10,HOLD_LOOP_PER_SYMBOL,0.0,TATASTEEL
2026-06-29 06:41:27.062,9,2026-06-29 12:10,PNL_CALC,0.0,VEDL
2026-06-29 06:41:27.062,9,2026-06-29 12:10,HOLD_LOOP_PER_SYMBOL,0.0,VEDL
2026-06-29 06:41:27.062,9,2026-06-29 12:10,PNL_PER_SYMBOL,0.0,GAIL
2026-06-29 06:41:27.062,9,2026-06-29 12:10,PNL_PER_SYMBOL,0.0,ITC
2026-06-29 06:41:27.062,9,2026-06-29 12:10,PNL_PER_SYMBOL,0.0,NTPC
2026-06-29 06:41:27.062,9,2026-06-29 12:10,PNL_PER_SYMBOL,0.0,ONGC
2026-06-29 06:41:27.062,9,2026-06-29 12:10,PNL_PER_SYMBOL,0.0,POWERGRID
2026-06-29 06:41:27.062,9,2026-06-29 12:10,PNL_PER_SYMBOL,0.0,TATASTEEL
2026-06-29 06:41:27.062,9,2026-06-29 12:10,PNL_PER_SYMBOL,0.0,VEDL
2026-06-29 06:41:27.062,9,2026-06-29 12:10,PNL_LOOP_TOTAL,0.0,
2026-06-29 06:41:27.253,9,2026-06-29 12:10,UI_SNAPSHOT_TOTAL,0.19,
2026-06-29 06:41:27.253,9,2026-06-29 12:10,CYCLE_TOTAL,26.596,cycle=9
2026-06-29 06:41:27.253,9,2026-06-29 12:10,time after analyse after second broker api call,1.781,time analysis of delay
2026-06-29 06:41:39.388,9,2026-06-29 12:10,RECONCILE_CYCLE_TOTAL,11.862,pending_syms=6
2026-06-29 06:56:00.351,10,2026-06-29 12:25,CYCLE_START,0.0,
2026-06-29 06:56:13.799,10,2026-06-29 12:25,BATCH_PREDICTION,13.445,symbols=['POWERGRID']
2026-06-29 06:56:16.724,10,2026-06-29 12:25,BATCH_PREDICTION,16.371,"symbols=['NTPC', 'VEDL', 'TATASTEEL']"
2026-06-29 06:56:18.503,10,2026-06-29 12:25,BATCH_PREDICTION,18.152,"symbols=['ITC', 'GAIL', 'ONGC']"
2026-06-29 06:56:18.547,10,2026-06-29 12:25,TREND_REDIS_GET,0.001,ITC|MISS
2026-06-29 06:56:18.548,10,2026-06-29 12:25,TREND_REDIS_GET,0.001,GAIL|MISS
2026-06-29 06:56:18.549,10,2026-06-29 12:25,TREND_REDIS_GET,0.001,ONGC|MISS
2026-06-29 06:56:18.549,10,2026-06-29 12:25,TREND_REDIS_GET,0.001,NTPC|MISS
2026-06-29 06:56:18.550,10,2026-06-29 12:25,TREND_REDIS_GET,0.001,VEDL|MISS
2026-06-29 06:56:18.551,10,2026-06-29 12:25,TREND_REDIS_GET,0.001,TATASTEEL|MISS
2026-06-29 06:56:18.552,10,2026-06-29 12:25,TREND_REDIS_GET,0.001,POWERGRID|MISS
2026-06-29 06:56:18.552,10,2026-06-29 12:25,TREND_TOTAL,0.006,POWERGRID
2026-06-29 06:56:19.343,10,2026-06-29 12:25,BROKER_POS_FETCH,0.791,positions=7
2026-06-29 06:56:20.263,10,2026-06-29 12:25,fetch_Price_total_time,0.916,fetch_price_total_time=0.9161555767059326
2026-06-29 06:56:21.172,10,2026-06-29 12:25,fetch_Price_total_time,0.903,fetch_price_total_time=0.90338134765625
2026-06-29 06:56:21.217,10,2026-06-29 12:25,fetch_Price_total_time,0.041,fetch_price_total_time=0.04098224639892578
2026-06-29 06:56:21.262,10,2026-06-29 12:25,fetch_Price_total_time,0.041,fetch_price_total_time=0.040709733963012695
2026-06-29 06:56:21.313,10,2026-06-29 12:25,fetch_Price_total_time,0.047,fetch_price_total_time=0.04699850082397461
2026-06-29 06:56:21.379,10,2026-06-29 12:25,fetch_Price_total_time,0.062,fetch_price_total_time=0.06152844429016113
2026-06-29 06:56:21.636,10,2026-06-29 12:25,fetch_Price_total_time,0.253,fetch_price_total_time=0.2526676654815674
2026-06-29 06:56:21.637,10,2026-06-29 12:25,ANALYZE_SIGNALS,2.294,symbols=7
2026-06-29 06:56:22.417,10,2026-06-29 12:25,PARALLEL_ORDER_EXEC,0.779,orders=3
2026-06-29 06:56:22.420,10,2026-06-29 12:25,FETCH_LTP,0.0,symbols=3
2026-06-29 06:56:22.420,10,2026-06-29 12:25,RESULT_LTP_FETCH,0.0,VEDL
2026-06-29 06:56:22.420,10,2026-06-29 12:25,LOG_TRADE_TIME,0.0,VEDL
2026-06-29 06:56:22.420,10,2026-06-29 12:25,RESULT_PROCESS_TOTAL,0.0,VEDL
2026-06-29 06:56:22.420,10,2026-06-29 12:25,RESULT_LTP_FETCH,0.0,NTPC
2026-06-29 06:56:22.420,10,2026-06-29 12:25,LOG_TRADE_TIME,0.0,NTPC
2026-06-29 06:56:22.420,10,2026-06-29 12:25,RESULT_PROCESS_TOTAL,0.0,NTPC
2026-06-29 06:56:22.420,10,2026-06-29 12:25,RESULT_LTP_FETCH,0.0,ONGC
2026-06-29 06:56:22.420,10,2026-06-29 12:25,LOG_TRADE_TIME,0.0,ONGC
2026-06-29 06:56:22.420,10,2026-06-29 12:25,RESULT_PROCESS_TOTAL,0.0,ONGC
2026-06-29 06:56:22.420,10,2026-06-29 12:25,PNL_CALC,0.0,GAIL
2026-06-29 06:56:22.421,10,2026-06-29 12:25,HOLD_LOG_TRADE,0.0,GAIL
2026-06-29 06:56:22.421,10,2026-06-29 12:25,HOLD_LOOP_PER_SYMBOL,0.0,GAIL
2026-06-29 06:56:22.421,10,2026-06-29 12:25,PNL_CALC,0.0,ITC
2026-06-29 06:56:22.421,10,2026-06-29 12:25,HOLD_LOG_TRADE,0.0,ITC
2026-06-29 06:56:22.421,10,2026-06-29 12:25,HOLD_LOOP_PER_SYMBOL,0.0,ITC
2026-06-29 06:56:22.421,10,2026-06-29 12:25,PNL_CALC,0.0,NTPC
2026-06-29 06:56:22.421,10,2026-06-29 12:25,HOLD_LOOP_PER_SYMBOL,0.0,NTPC
2026-06-29 06:56:22.421,10,2026-06-29 12:25,PNL_CALC,0.0,ONGC
2026-06-29 06:56:22.421,10,2026-06-29 12:25,HOLD_LOOP_PER_SYMBOL,0.0,ONGC
2026-06-29 06:56:22.421,10,2026-06-29 12:25,PNL_CALC,0.0,POWERGRID
2026-06-29 06:56:22.421,10,2026-06-29 12:25,HOLD_LOG_TRADE,0.0,POWERGRID
2026-06-29 06:56:22.422,10,2026-06-29 12:25,HOLD_LOOP_PER_SYMBOL,0.0,POWERGRID
2026-06-29 06:56:22.422,10,2026-06-29 12:25,PNL_CALC,0.0,TATASTEEL
2026-06-29 06:56:22.422,10,2026-06-29 12:25,HOLD_LOG_TRADE,0.0,TATASTEEL
2026-06-29 06:56:22.422,10,2026-06-29 12:25,HOLD_LOOP_PER_SYMBOL,0.0,TATASTEEL
2026-06-29 06:56:22.422,10,2026-06-29 12:25,PNL_CALC,0.0,VEDL
2026-06-29 06:56:22.422,10,2026-06-29 12:25,HOLD_LOOP_PER_SYMBOL,0.0,VEDL
2026-06-29 06:56:22.422,10,2026-06-29 12:25,PNL_PER_SYMBOL,0.0,GAIL
2026-06-29 06:56:22.422,10,2026-06-29 12:25,PNL_PER_SYMBOL,0.0,ITC
2026-06-29 06:56:22.422,10,2026-06-29 12:25,PNL_PER_SYMBOL,0.0,NTPC
2026-06-29 06:56:22.422,10,2026-06-29 12:25,PNL_PER_SYMBOL,0.0,ONGC
2026-06-29 06:56:22.422,10,2026-06-29 12:25,PNL_PER_SYMBOL,0.0,POWERGRID
2026-06-29 06:56:22.422,10,2026-06-29 12:25,PNL_PER_SYMBOL,0.0,TATASTEEL
2026-06-29 06:56:22.422,10,2026-06-29 12:25,PNL_PER_SYMBOL,0.0,VEDL
2026-06-29 06:56:22.422,10,2026-06-29 12:25,PNL_LOOP_TOTAL,0.0,
2026-06-29 06:56:22.612,10,2026-06-29 12:25,UI_SNAPSHOT_TOTAL,0.189,
2026-06-29 06:56:22.612,10,2026-06-29 12:25,CYCLE_TOTAL,22.261,cycle=10
2026-06-29 06:56:22.612,10,2026-06-29 12:25,time after analyse after second broker api call,0.975,time analysis of delay
2026-06-29 06:56:29.945,10,2026-06-29 12:25,RECONCILE_CYCLE_TOTAL,7.454,pending_syms=3
2026-06-29 07:11:00.709,11,2026-06-29 12:40,CYCLE_START,0.0,
2026-06-29 07:11:15.858,11,2026-06-29 12:40,BATCH_PREDICTION,15.147,"symbols=['NTPC', 'VEDL', 'TATASTEEL']"
2026-06-29 07:11:29.139,11,2026-06-29 12:40,BATCH_PREDICTION,28.427,symbols=['POWERGRID']
2026-06-29 07:11:32.727,11,2026-06-29 12:40,BATCH_PREDICTION,32.017,"symbols=['ITC', 'GAIL', 'ONGC']"
2026-06-29 07:11:32.770,11,2026-06-29 12:40,TREND_REDIS_GET,0.001,ITC|MISS
2026-06-29 07:11:32.771,11,2026-06-29 12:40,TREND_REDIS_GET,0.001,GAIL|MISS
2026-06-29 07:11:32.772,11,2026-06-29 12:40,TREND_REDIS_GET,0.001,ONGC|MISS
2026-06-29 07:11:32.772,11,2026-06-29 12:40,TREND_REDIS_GET,0.001,NTPC|MISS
2026-06-29 07:11:32.773,11,2026-06-29 12:40,TREND_REDIS_GET,0.001,VEDL|MISS
2026-06-29 07:11:32.773,11,2026-06-29 12:40,TREND_REDIS_GET,0.001,TATASTEEL|MISS
2026-06-29 07:11:32.774,11,2026-06-29 12:40,TREND_REDIS_GET,0.001,POWERGRID|MISS
2026-06-29 07:11:32.774,11,2026-06-29 12:40,TREND_TOTAL,0.005,POWERGRID
2026-06-29 07:11:33.551,11,2026-06-29 12:40,BROKER_POS_FETCH,0.777,positions=7
2026-06-29 07:11:33.568,11,2026-06-29 12:40,ANALYZE_SIGNALS,0.017,symbols=7
2026-06-29 07:11:33.569,11,2026-06-29 12:40,symbol lock timing ,0.0,GAIL
2026-06-29 07:11:33.569,11,2026-06-29 12:40,CAN_RESERVE_EXPOSURE,0.0,GAIL
2026-06-29 07:11:33.569,11,2026-06-29 12:40,RESERVE_EXPOSURE,0.0,GAIL
2026-06-29 07:11:33.569,11,2026-06-29 12:40,symbol lock timing ,0.0,NTPC
2026-06-29 07:11:33.569,11,2026-06-29 12:40,CAN_RESERVE_EXPOSURE,0.0,NTPC
2026-06-29 07:11:33.569,11,2026-06-29 12:40,RESERVE_EXPOSURE,0.0,NTPC
2026-06-29 07:11:33.569,11,2026-06-29 12:40,symbol lock timing ,0.0,TATASTEEL
2026-06-29 07:11:33.569,11,2026-06-29 12:40,CAN_RESERVE_EXPOSURE,0.0,TATASTEEL
2026-06-29 07:11:33.569,11,2026-06-29 12:40,RESERVE_EXPOSURE,0.0,TATASTEEL
2026-06-29 07:11:33.569,11,2026-06-29 12:40,symbol lock timing ,0.0,VEDL
2026-06-29 07:11:33.570,11,2026-06-29 12:40,CAN_RESERVE_EXPOSURE,0.0,VEDL
2026-06-29 07:11:33.570,11,2026-06-29 12:40,RESERVE_EXPOSURE,0.0,VEDL
2026-06-29 07:11:33.570,11,2026-06-29 12:40,SYMBOL_LOOP_TOTAL,0.0,VEDL
2026-06-29 07:11:35.072,11,2026-06-29 12:40,PARALLEL_ORDER_EXEC,1.502,orders=6
2026-06-29 07:11:35.076,11,2026-06-29 12:40,FETCH_LTP,0.0,symbols=6
2026-06-29 07:11:35.077,11,2026-06-29 12:40,RESULT_LTP_FETCH,0.0,VEDL
2026-06-29 07:11:35.077,11,2026-06-29 12:40,LOG_TRADE_TIME,0.0,VEDL
2026-06-29 07:11:35.077,11,2026-06-29 12:40,RESULT_PROCESS_TOTAL,0.0,VEDL
2026-06-29 07:11:35.077,11,2026-06-29 12:40,RESULT_LTP_FETCH,0.0,ITC
2026-06-29 07:11:35.077,11,2026-06-29 12:40,LOG_TRADE_TIME,0.0,ITC
2026-06-29 07:11:35.077,11,2026-06-29 12:40,RESULT_PROCESS_TOTAL,0.0,ITC
2026-06-29 07:11:35.077,11,2026-06-29 12:40,RESULT_LTP_FETCH,0.0,GAIL
2026-06-29 07:11:35.077,11,2026-06-29 12:40,LOG_TRADE_TIME,0.0,GAIL
2026-06-29 07:11:35.077,11,2026-06-29 12:40,RESULT_PROCESS_TOTAL,0.0,GAIL
2026-06-29 07:11:35.077,11,2026-06-29 12:40,RESULT_LTP_FETCH,0.0,NTPC
2026-06-29 07:11:35.078,11,2026-06-29 12:40,LOG_TRADE_TIME,0.0,NTPC
2026-06-29 07:11:35.078,11,2026-06-29 12:40,RESULT_PROCESS_TOTAL,0.0,NTPC
2026-06-29 07:11:35.078,11,2026-06-29 12:40,RESULT_LTP_FETCH,0.0,ONGC
2026-06-29 07:11:35.078,11,2026-06-29 12:40,LOG_TRADE_TIME,0.0,ONGC
2026-06-29 07:11:35.078,11,2026-06-29 12:40,RESULT_PROCESS_TOTAL,0.0,ONGC
2026-06-29 07:11:35.078,11,2026-06-29 12:40,RESULT_LTP_FETCH,0.0,TATASTEEL
2026-06-29 07:11:35.078,11,2026-06-29 12:40,LOG_TRADE_TIME,0.0,TATASTEEL
2026-06-29 07:11:35.078,11,2026-06-29 12:40,RESULT_PROCESS_TOTAL,0.0,TATASTEEL
2026-06-29 07:11:35.078,11,2026-06-29 12:40,PNL_CALC,0.0,GAIL
2026-06-29 07:11:35.078,11,2026-06-29 12:40,HOLD_LOOP_PER_SYMBOL,0.0,GAIL
2026-06-29 07:11:35.078,11,2026-06-29 12:40,PNL_CALC,0.0,ITC
2026-06-29 07:11:35.078,11,2026-06-29 12:40,HOLD_LOOP_PER_SYMBOL,0.0,ITC
2026-06-29 07:11:35.079,11,2026-06-29 12:40,PNL_CALC,0.0,NTPC
2026-06-29 07:11:35.079,11,2026-06-29 12:40,HOLD_LOOP_PER_SYMBOL,0.0,NTPC
2026-06-29 07:11:35.079,11,2026-06-29 12:40,PNL_CALC,0.0,ONGC
2026-06-29 07:11:35.079,11,2026-06-29 12:40,HOLD_LOOP_PER_SYMBOL,0.0,ONGC
2026-06-29 07:11:35.079,11,2026-06-29 12:40,PNL_CALC,0.0,POWERGRID
2026-06-29 07:11:35.079,11,2026-06-29 12:40,HOLD_LOG_TRADE,0.0,POWERGRID
2026-06-29 07:11:35.079,11,2026-06-29 12:40,HOLD_LOOP_PER_SYMBOL,0.0,POWERGRID
2026-06-29 07:11:35.079,11,2026-06-29 12:40,PNL_CALC,0.0,TATASTEEL
2026-06-29 07:11:35.079,11,2026-06-29 12:40,HOLD_LOOP_PER_SYMBOL,0.0,TATASTEEL
2026-06-29 07:11:35.079,11,2026-06-29 12:40,PNL_CALC,0.0,VEDL
2026-06-29 07:11:35.079,11,2026-06-29 12:40,HOLD_LOOP_PER_SYMBOL,0.0,VEDL
2026-06-29 07:11:35.080,11,2026-06-29 12:40,PNL_PER_SYMBOL,0.0,GAIL
2026-06-29 07:11:35.080,11,2026-06-29 12:40,PNL_PER_SYMBOL,0.0,ITC
2026-06-29 07:11:35.080,11,2026-06-29 12:40,PNL_PER_SYMBOL,0.0,NTPC
2026-06-29 07:11:35.080,11,2026-06-29 12:40,PNL_PER_SYMBOL,0.0,ONGC
2026-06-29 07:11:35.080,11,2026-06-29 12:40,PNL_PER_SYMBOL,0.0,POWERGRID
2026-06-29 07:11:35.080,11,2026-06-29 12:40,PNL_PER_SYMBOL,0.0,TATASTEEL
2026-06-29 07:11:35.080,11,2026-06-29 12:40,PNL_PER_SYMBOL,0.0,VEDL
2026-06-29 07:11:35.080,11,2026-06-29 12:40,PNL_LOOP_TOTAL,0.0,
2026-06-29 07:11:35.268,11,2026-06-29 12:40,UI_SNAPSHOT_TOTAL,0.188,
2026-06-29 07:11:35.268,11,2026-06-29 12:40,CYCLE_TOTAL,34.559,cycle=11
2026-06-29 07:11:35.268,11,2026-06-29 12:40,time after analyse after second broker api call,1.7,time analysis of delay
2026-06-29 07:11:48.008,11,2026-06-29 12:40,RECONCILE_CYCLE_TOTAL,11.941,pending_syms=6
2026-06-29 07:26:00.366,12,2026-06-29 12:55,CYCLE_START,0.0,
2026-06-29 07:26:13.191,12,2026-06-29 12:55,BATCH_PREDICTION,12.822,symbols=['POWERGRID']
2026-06-29 07:26:15.866,12,2026-06-29 12:55,BATCH_PREDICTION,15.499,"symbols=['NTPC', 'VEDL', 'TATASTEEL']"
2026-06-29 07:26:15.998,12,2026-06-29 12:55,BATCH_PREDICTION,15.631,"symbols=['ITC', 'GAIL', 'ONGC']"
2026-06-29 07:26:16.042,12,2026-06-29 12:55,TREND_REDIS_GET,0.001,ITC|MISS
2026-06-29 07:26:16.043,12,2026-06-29 12:55,TREND_REDIS_GET,0.001,GAIL|MISS
2026-06-29 07:26:16.043,12,2026-06-29 12:55,TREND_REDIS_GET,0.001,ONGC|MISS
2026-06-29 07:26:16.044,12,2026-06-29 12:55,TREND_REDIS_GET,0.001,NTPC|MISS
2026-06-29 07:26:16.045,12,2026-06-29 12:55,TREND_REDIS_GET,0.001,VEDL|MISS
2026-06-29 07:26:16.045,12,2026-06-29 12:55,TREND_REDIS_GET,0.001,TATASTEEL|MISS
2026-06-29 07:26:16.046,12,2026-06-29 12:55,TREND_REDIS_GET,0.001,POWERGRID|MISS
2026-06-29 07:26:16.046,12,2026-06-29 12:55,TREND_TOTAL,0.005,POWERGRID
2026-06-29 07:26:16.819,12,2026-06-29 12:55,BROKER_POS_FETCH,0.773,positions=7
2026-06-29 07:26:17.127,12,2026-06-29 12:55,fetch_Price_total_time,0.304,fetch_price_total_time=0.3039281368255615
2026-06-29 07:26:17.173,12,2026-06-29 12:55,fetch_Price_total_time,0.042,fetch_price_total_time=0.04209446907043457
2026-06-29 07:26:17.224,12,2026-06-29 12:55,fetch_Price_total_time,0.047,fetch_price_total_time=0.04673361778259277
2026-06-29 07:26:17.269,12,2026-06-29 12:55,fetch_Price_total_time,0.041,fetch_price_total_time=0.04061770439147949
2026-06-29 07:26:17.321,12,2026-06-29 12:55,fetch_Price_total_time,0.049,fetch_price_total_time=0.04854917526245117
2026-06-29 07:26:17.372,12,2026-06-29 12:55,fetch_Price_total_time,0.047,fetch_price_total_time=0.04670357704162598
2026-06-29 07:26:17.652,12,2026-06-29 12:55,fetch_Price_total_time,0.276,fetch_price_total_time=0.27622556686401367
2026-06-29 07:26:17.653,12,2026-06-29 12:55,ANALYZE_SIGNALS,0.834,symbols=7
2026-06-29 07:26:19.385,12,2026-06-29 12:55,PARALLEL_ORDER_EXEC,1.731,orders=4
2026-06-29 07:26:19.388,12,2026-06-29 12:55,FETCH_LTP,0.0,symbols=4
2026-06-29 07:26:19.388,12,2026-06-29 12:55,RESULT_LTP_FETCH,0.0,GAIL
2026-06-29 07:26:19.388,12,2026-06-29 12:55,LOG_TRADE_TIME,0.0,GAIL
2026-06-29 07:26:19.388,12,2026-06-29 12:55,RESULT_PROCESS_TOTAL,0.0,GAIL
2026-06-29 07:26:19.389,12,2026-06-29 12:55,RESULT_LTP_FETCH,0.0,VEDL
2026-06-29 07:26:19.389,12,2026-06-29 12:55,LOG_TRADE_TIME,0.0,VEDL
2026-06-29 07:26:19.389,12,2026-06-29 12:55,RESULT_PROCESS_TOTAL,0.0,VEDL
2026-06-29 07:26:19.389,12,2026-06-29 12:55,RESULT_LTP_FETCH,0.0,TATASTEEL
2026-06-29 07:26:19.389,12,2026-06-29 12:55,LOG_TRADE_TIME,0.0,TATASTEEL
2026-06-29 07:26:19.389,12,2026-06-29 12:55,RESULT_PROCESS_TOTAL,0.0,TATASTEEL
2026-06-29 07:26:19.389,12,2026-06-29 12:55,RESULT_LTP_FETCH,0.0,NTPC
2026-06-29 07:26:19.390,12,2026-06-29 12:55,LOG_TRADE_TIME,0.0,NTPC
2026-06-29 07:26:19.390,12,2026-06-29 12:55,RESULT_PROCESS_TOTAL,0.0,NTPC
2026-06-29 07:26:19.390,12,2026-06-29 12:55,PNL_CALC,0.0,GAIL
2026-06-29 07:26:19.390,12,2026-06-29 12:55,HOLD_LOOP_PER_SYMBOL,0.0,GAIL
2026-06-29 07:26:19.390,12,2026-06-29 12:55,PNL_CALC,0.0,ITC
2026-06-29 07:26:19.390,12,2026-06-29 12:55,HOLD_LOG_TRADE,0.0,ITC
2026-06-29 07:26:19.391,12,2026-06-29 12:55,HOLD_LOOP_PER_SYMBOL,0.0,ITC
2026-06-29 07:26:19.391,12,2026-06-29 12:55,PNL_CALC,0.0,NTPC
2026-06-29 07:26:19.391,12,2026-06-29 12:55,HOLD_LOOP_PER_SYMBOL,0.0,NTPC
2026-06-29 07:26:19.391,12,2026-06-29 12:55,PNL_CALC,0.0,ONGC
2026-06-29 07:26:19.391,12,2026-06-29 12:55,HOLD_LOG_TRADE,0.0,ONGC
2026-06-29 07:26:19.391,12,2026-06-29 12:55,HOLD_LOOP_PER_SYMBOL,0.0,ONGC
2026-06-29 07:26:19.391,12,2026-06-29 12:55,PNL_CALC,0.0,POWERGRID
2026-06-29 07:26:19.391,12,2026-06-29 12:55,HOLD_LOG_TRADE,0.0,POWERGRID
2026-06-29 07:26:19.391,12,2026-06-29 12:55,HOLD_LOOP_PER_SYMBOL,0.0,POWERGRID
2026-06-29 07:26:19.391,12,2026-06-29 12:55,PNL_CALC,0.0,TATASTEEL
2026-06-29 07:26:19.391,12,2026-06-29 12:55,HOLD_LOOP_PER_SYMBOL,0.0,TATASTEEL
2026-06-29 07:26:19.391,12,2026-06-29 12:55,PNL_CALC,0.0,VEDL
2026-06-29 07:26:19.392,12,2026-06-29 12:55,HOLD_LOOP_PER_SYMBOL,0.0,VEDL
2026-06-29 07:26:19.392,12,2026-06-29 12:55,PNL_PER_SYMBOL,0.0,GAIL
2026-06-29 07:26:19.392,12,2026-06-29 12:55,PNL_PER_SYMBOL,0.0,ITC
2026-06-29 07:26:19.392,12,2026-06-29 12:55,PNL_PER_SYMBOL,0.0,NTPC
2026-06-29 07:26:19.392,12,2026-06-29 12:55,PNL_PER_SYMBOL,0.0,ONGC
2026-06-29 07:26:19.392,12,2026-06-29 12:55,PNL_PER_SYMBOL,0.0,POWERGRID
2026-06-29 07:26:19.392,12,2026-06-29 12:55,PNL_PER_SYMBOL,0.0,TATASTEEL
2026-06-29 07:26:19.392,12,2026-06-29 12:55,PNL_PER_SYMBOL,0.0,VEDL
2026-06-29 07:26:19.392,12,2026-06-29 12:55,PNL_LOOP_TOTAL,0.0,
2026-06-29 07:26:19.582,12,2026-06-29 12:55,UI_SNAPSHOT_TOTAL,0.19,
2026-06-29 07:26:19.583,12,2026-06-29 12:55,CYCLE_TOTAL,19.216,cycle=12
2026-06-29 07:26:19.583,12,2026-06-29 12:55,time after analyse after second broker api call,1.929,time analysis of delay
2026-06-29 07:26:29.775,12,2026-06-29 12:55,RECONCILE_CYCLE_TOTAL,9.639,pending_syms=4
2026-06-29 07:41:00.680,13,2026-06-29 13:10,CYCLE_START,0.0,
2026-06-29 07:41:19.076,13,2026-06-29 13:10,BATCH_PREDICTION,18.395,"symbols=['ITC', 'GAIL', 'ONGC']"
2026-06-29 07:41:23.361,13,2026-06-29 13:10,BATCH_PREDICTION,22.681,"symbols=['NTPC', 'VEDL', 'TATASTEEL']"
2026-06-29 07:41:26.107,13,2026-06-29 13:10,BATCH_PREDICTION,25.424,symbols=['POWERGRID']
2026-06-29 07:41:26.154,13,2026-06-29 13:10,TREND_REDIS_GET,0.001,ITC|MISS
2026-06-29 07:41:26.155,13,2026-06-29 13:10,TREND_REDIS_GET,0.001,GAIL|MISS
2026-06-29 07:41:26.155,13,2026-06-29 13:10,TREND_REDIS_GET,0.001,ONGC|MISS
2026-06-29 07:41:26.156,13,2026-06-29 13:10,TREND_REDIS_GET,0.001,NTPC|MISS
2026-06-29 07:41:26.157,13,2026-06-29 13:10,TREND_REDIS_GET,0.001,VEDL|MISS
2026-06-29 07:41:26.158,13,2026-06-29 13:10,TREND_REDIS_GET,0.001,TATASTEEL|MISS
2026-06-29 07:41:26.158,13,2026-06-29 13:10,TREND_REDIS_GET,0.001,POWERGRID|MISS
2026-06-29 07:41:26.159,13,2026-06-29 13:10,TREND_TOTAL,0.006,POWERGRID
2026-06-29 07:41:26.918,13,2026-06-29 13:10,BROKER_POS_FETCH,0.759,positions=7
2026-06-29 07:41:26.935,13,2026-06-29 13:10,ANALYZE_SIGNALS,0.017,symbols=7
2026-06-29 07:41:26.935,13,2026-06-29 13:10,symbol lock timing ,0.0,GAIL
2026-06-29 07:41:26.935,13,2026-06-29 13:10,CAN_RESERVE_EXPOSURE,0.0,GAIL
2026-06-29 07:41:26.935,13,2026-06-29 13:10,RESERVE_EXPOSURE,0.0,GAIL
2026-06-29 07:41:26.936,13,2026-06-29 13:10,SYMBOL_LOOP_TOTAL,0.0,GAIL
2026-06-29 07:41:26.936,13,2026-06-29 13:10,symbol lock timing ,0.0,NTPC
2026-06-29 07:41:26.936,13,2026-06-29 13:10,CAN_RESERVE_EXPOSURE,0.0,NTPC
2026-06-29 07:41:26.936,13,2026-06-29 13:10,RESERVE_EXPOSURE,0.0,NTPC
2026-06-29 07:41:26.936,13,2026-06-29 13:10,SYMBOL_LOOP_TOTAL,0.0,NTPC
2026-06-29 07:41:27.719,13,2026-06-29 13:10,PARALLEL_ORDER_EXEC,0.783,orders=4
2026-06-29 07:41:27.723,13,2026-06-29 13:10,FETCH_LTP,0.0,symbols=4
2026-06-29 07:41:27.723,13,2026-06-29 13:10,RESULT_LTP_FETCH,0.0,ONGC
2026-06-29 07:41:27.723,13,2026-06-29 13:10,LOG_TRADE_TIME,0.0,ONGC
2026-06-29 07:41:27.723,13,2026-06-29 13:10,RESULT_PROCESS_TOTAL,0.0,ONGC
2026-06-29 07:41:27.723,13,2026-06-29 13:10,RESULT_LTP_FETCH,0.0,NTPC
2026-06-29 07:41:27.723,13,2026-06-29 13:10,LOG_TRADE_TIME,0.0,NTPC
2026-06-29 07:41:27.723,13,2026-06-29 13:10,RESULT_PROCESS_TOTAL,0.0,NTPC
2026-06-29 07:41:27.723,13,2026-06-29 13:10,RESULT_LTP_FETCH,0.0,GAIL
2026-06-29 07:41:27.723,13,2026-06-29 13:10,LOG_TRADE_TIME,0.0,GAIL
2026-06-29 07:41:27.723,13,2026-06-29 13:10,RESULT_PROCESS_TOTAL,0.0,GAIL
2026-06-29 07:41:27.723,13,2026-06-29 13:10,RESULT_LTP_FETCH,0.0,ITC
2026-06-29 07:41:27.724,13,2026-06-29 13:10,LOG_TRADE_TIME,0.0,ITC
2026-06-29 07:41:27.724,13,2026-06-29 13:10,RESULT_PROCESS_TOTAL,0.0,ITC
2026-06-29 07:41:27.724,13,2026-06-29 13:10,PNL_CALC,0.0,GAIL
2026-06-29 07:41:27.724,13,2026-06-29 13:10,HOLD_LOOP_PER_SYMBOL,0.0,GAIL
2026-06-29 07:41:27.724,13,2026-06-29 13:10,PNL_CALC,0.0,ITC
2026-06-29 07:41:27.724,13,2026-06-29 13:10,HOLD_LOOP_PER_SYMBOL,0.0,ITC
2026-06-29 07:41:27.724,13,2026-06-29 13:10,PNL_CALC,0.0,NTPC
2026-06-29 07:41:27.724,13,2026-06-29 13:10,HOLD_LOOP_PER_SYMBOL,0.0,NTPC
2026-06-29 07:41:27.724,13,2026-06-29 13:10,PNL_CALC,0.0,ONGC
2026-06-29 07:41:27.724,13,2026-06-29 13:10,HOLD_LOOP_PER_SYMBOL,0.0,ONGC
2026-06-29 07:41:27.724,13,2026-06-29 13:10,PNL_CALC,0.0,POWERGRID
2026-06-29 07:41:27.724,13,2026-06-29 13:10,HOLD_LOG_TRADE,0.0,POWERGRID
2026-06-29 07:41:27.724,13,2026-06-29 13:10,HOLD_LOOP_PER_SYMBOL,0.0,POWERGRID
2026-06-29 07:41:27.725,13,2026-06-29 13:10,PNL_CALC,0.0,TATASTEEL
2026-06-29 07:41:27.725,13,2026-06-29 13:10,HOLD_LOG_TRADE,0.0,TATASTEEL
2026-06-29 07:41:27.725,13,2026-06-29 13:10,HOLD_LOOP_PER_SYMBOL,0.0,TATASTEEL
2026-06-29 07:41:27.725,13,2026-06-29 13:10,PNL_CALC,0.0,VEDL
2026-06-29 07:41:27.725,13,2026-06-29 13:10,HOLD_LOG_TRADE,0.0,VEDL
2026-06-29 07:41:27.725,13,2026-06-29 13:10,HOLD_LOOP_PER_SYMBOL,0.0,VEDL
2026-06-29 07:41:27.725,13,2026-06-29 13:10,PNL_PER_SYMBOL,0.0,GAIL
2026-06-29 07:41:27.725,13,2026-06-29 13:10,PNL_PER_SYMBOL,0.0,ITC
2026-06-29 07:41:27.725,13,2026-06-29 13:10,PNL_PER_SYMBOL,0.0,NTPC
2026-06-29 07:41:27.725,13,2026-06-29 13:10,PNL_PER_SYMBOL,0.0,ONGC
2026-06-29 07:41:27.725,13,2026-06-29 13:10,PNL_PER_SYMBOL,0.0,POWERGRID
2026-06-29 07:41:27.725,13,2026-06-29 13:10,PNL_PER_SYMBOL,0.0,TATASTEEL
2026-06-29 07:41:27.725,13,2026-06-29 13:10,PNL_PER_SYMBOL,0.0,VEDL
2026-06-29 07:41:27.725,13,2026-06-29 13:10,PNL_LOOP_TOTAL,0.0,
2026-06-29 07:41:27.928,13,2026-06-29 13:10,UI_SNAPSHOT_TOTAL,0.203,
2026-06-29 07:41:27.928,13,2026-06-29 13:10,CYCLE_TOTAL,27.248,cycle=13
2026-06-29 07:41:27.928,13,2026-06-29 13:10,time after analyse after second broker api call,0.993,time analysis of delay
2026-06-29 07:41:37.167,13,2026-06-29 13:10,RECONCILE_CYCLE_TOTAL,9.287,pending_syms=4
2026-06-29 07:56:00.044,14,2026-06-29 13:25,CYCLE_START,0.0,
2026-06-29 07:56:06.229,14,2026-06-29 13:25,BATCH_PREDICTION,6.181,symbols=['POWERGRID']
2026-06-29 07:56:13.692,14,2026-06-29 13:25,BATCH_PREDICTION,13.645,"symbols=['NTPC', 'VEDL', 'TATASTEEL']"
2026-06-29 07:56:17.118,14,2026-06-29 13:25,BATCH_PREDICTION,17.073,"symbols=['ITC', 'GAIL', 'ONGC']"
2026-06-29 07:56:17.159,14,2026-06-29 13:25,TREND_REDIS_GET,0.001,ITC|MISS
2026-06-29 07:56:17.160,14,2026-06-29 13:25,TREND_REDIS_GET,0.001,GAIL|MISS
2026-06-29 07:56:17.161,14,2026-06-29 13:25,TREND_REDIS_GET,0.001,ONGC|MISS
2026-06-29 07:56:17.161,14,2026-06-29 13:25,TREND_REDIS_GET,0.001,NTPC|MISS
2026-06-29 07:56:17.162,14,2026-06-29 13:25,TREND_REDIS_GET,0.001,VEDL|MISS
2026-06-29 07:56:17.163,14,2026-06-29 13:25,TREND_REDIS_GET,0.001,TATASTEEL|MISS
2026-06-29 07:56:17.163,14,2026-06-29 13:25,TREND_REDIS_GET,0.001,POWERGRID|MISS
2026-06-29 07:56:17.163,14,2026-06-29 13:25,TREND_TOTAL,0.005,POWERGRID
2026-06-29 07:56:17.956,14,2026-06-29 13:25,BROKER_POS_FETCH,0.792,positions=7
2026-06-29 07:56:19.039,14,2026-06-29 13:25,fetch_Price_total_time,1.079,fetch_price_total_time=1.0785503387451172
2026-06-29 07:56:19.094,14,2026-06-29 13:25,fetch_Price_total_time,0.051,fetch_price_total_time=0.05134463310241699
2026-06-29 07:56:19.151,14,2026-06-29 13:25,fetch_Price_total_time,0.053,fetch_price_total_time=0.05338597297668457
2026-06-29 07:56:19.194,14,2026-06-29 13:25,fetch_Price_total_time,0.039,fetch_price_total_time=0.03889775276184082
2026-06-29 07:56:19.238,14,2026-06-29 13:25,fetch_Price_total_time,0.039,fetch_price_total_time=0.03923916816711426
2026-06-29 07:56:19.283,14,2026-06-29 13:25,fetch_Price_total_time,0.042,fetch_price_total_time=0.041468143463134766
2026-06-29 07:56:19.564,14,2026-06-29 13:25,fetch_Price_total_time,0.277,fetch_price_total_time=0.27668333053588867
2026-06-29 07:56:19.565,14,2026-06-29 13:25,ANALYZE_SIGNALS,1.609,symbols=7
2026-06-29 07:56:19.565,14,2026-06-29 13:25,symbol lock timing ,0.0,NTPC
2026-06-29 07:56:19.566,14,2026-06-29 13:25,CAN_RESERVE_EXPOSURE,0.0,NTPC
2026-06-29 07:56:19.566,14,2026-06-29 13:25,RESERVE_EXPOSURE,0.0,NTPC
2026-06-29 07:56:19.566,14,2026-06-29 13:25,SYMBOL_LOOP_TOTAL,0.0,NTPC
2026-06-29 07:56:19.566,14,2026-06-29 13:25,symbol lock timing ,0.0,TATASTEEL
2026-06-29 07:56:19.566,14,2026-06-29 13:25,CAN_RESERVE_EXPOSURE,0.0,TATASTEEL
2026-06-29 07:56:19.566,14,2026-06-29 13:25,RESERVE_EXPOSURE,0.0,TATASTEEL
2026-06-29 07:56:19.566,14,2026-06-29 13:25,SYMBOL_LOOP_TOTAL,0.0,TATASTEEL
2026-06-29 07:56:21.152,14,2026-06-29 13:25,PARALLEL_ORDER_EXEC,1.586,orders=6
2026-06-29 07:56:21.156,14,2026-06-29 13:25,FETCH_LTP,0.0,symbols=6
2026-06-29 07:56:21.157,14,2026-06-29 13:25,RESULT_LTP_FETCH,0.0,TATASTEEL
2026-06-29 07:56:21.157,14,2026-06-29 13:25,LOG_TRADE_TIME,0.0,TATASTEEL
2026-06-29 07:56:21.157,14,2026-06-29 13:25,RESULT_PROCESS_TOTAL,0.0,TATASTEEL
2026-06-29 07:56:21.157,14,2026-06-29 13:25,RESULT_LTP_FETCH,0.0,NTPC
2026-06-29 07:56:21.157,14,2026-06-29 13:25,LOG_TRADE_TIME,0.0,NTPC
2026-06-29 07:56:21.157,14,2026-06-29 13:25,RESULT_PROCESS_TOTAL,0.0,NTPC
2026-06-29 07:56:21.157,14,2026-06-29 13:25,RESULT_LTP_FETCH,0.0,VEDL
2026-06-29 07:56:21.157,14,2026-06-29 13:25,LOG_TRADE_TIME,0.0,VEDL
2026-06-29 07:56:21.157,14,2026-06-29 13:25,RESULT_PROCESS_TOTAL,0.0,VEDL
2026-06-29 07:56:21.157,14,2026-06-29 13:25,RESULT_LTP_FETCH,0.0,POWERGRID
2026-06-29 07:56:21.158,14,2026-06-29 13:25,LOG_TRADE_TIME,0.0,POWERGRID
2026-06-29 07:56:21.158,14,2026-06-29 13:25,RESULT_PROCESS_TOTAL,0.0,POWERGRID
2026-06-29 07:56:21.158,14,2026-06-29 13:25,RESULT_LTP_FETCH,0.0,GAIL
2026-06-29 07:56:21.158,14,2026-06-29 13:25,LOG_TRADE_TIME,0.0,GAIL
2026-06-29 07:56:21.158,14,2026-06-29 13:25,RESULT_PROCESS_TOTAL,0.0,GAIL
2026-06-29 07:56:21.158,14,2026-06-29 13:25,RESULT_LTP_FETCH,0.0,ONGC
2026-06-29 07:56:21.158,14,2026-06-29 13:25,LOG_TRADE_TIME,0.0,ONGC
2026-06-29 07:56:21.158,14,2026-06-29 13:25,RESULT_PROCESS_TOTAL,0.0,ONGC
2026-06-29 07:56:21.158,14,2026-06-29 13:25,PNL_CALC,0.0,GAIL
2026-06-29 07:56:21.158,14,2026-06-29 13:25,HOLD_LOOP_PER_SYMBOL,0.0,GAIL
2026-06-29 07:56:21.158,14,2026-06-29 13:25,PNL_CALC,0.0,ITC
2026-06-29 07:56:21.159,14,2026-06-29 13:25,HOLD_LOG_TRADE,0.0,ITC
2026-06-29 07:56:21.159,14,2026-06-29 13:25,HOLD_LOOP_PER_SYMBOL,0.0,ITC
2026-06-29 07:56:21.159,14,2026-06-29 13:25,PNL_CALC,0.0,NTPC
2026-06-29 07:56:21.159,14,2026-06-29 13:25,HOLD_LOOP_PER_SYMBOL,0.0,NTPC
2026-06-29 07:56:21.159,14,2026-06-29 13:25,PNL_CALC,0.0,ONGC
2026-06-29 07:56:21.159,14,2026-06-29 13:25,HOLD_LOOP_PER_SYMBOL,0.0,ONGC
2026-06-29 07:56:21.159,14,2026-06-29 13:25,PNL_CALC,0.0,POWERGRID
2026-06-29 07:56:21.159,14,2026-06-29 13:25,HOLD_LOOP_PER_SYMBOL,0.0,POWERGRID
2026-06-29 07:56:21.159,14,2026-06-29 13:25,PNL_CALC,0.0,TATASTEEL
2026-06-29 07:56:21.159,14,2026-06-29 13:25,HOLD_LOOP_PER_SYMBOL,0.0,TATASTEEL
2026-06-29 07:56:21.159,14,2026-06-29 13:25,PNL_CALC,0.0,VEDL
2026-06-29 07:56:21.160,14,2026-06-29 13:25,HOLD_LOOP_PER_SYMBOL,0.0,VEDL
2026-06-29 07:56:21.160,14,2026-06-29 13:25,PNL_PER_SYMBOL,0.0,GAIL
2026-06-29 07:56:21.160,14,2026-06-29 13:25,PNL_PER_SYMBOL,0.0,ITC
2026-06-29 07:56:21.160,14,2026-06-29 13:25,PNL_PER_SYMBOL,0.0,NTPC
2026-06-29 07:56:21.160,14,2026-06-29 13:25,PNL_PER_SYMBOL,0.0,ONGC
2026-06-29 07:56:21.160,14,2026-06-29 13:25,PNL_PER_SYMBOL,0.0,POWERGRID
2026-06-29 07:56:21.160,14,2026-06-29 13:25,PNL_PER_SYMBOL,0.0,TATASTEEL
2026-06-29 07:56:21.160,14,2026-06-29 13:25,PNL_PER_SYMBOL,0.0,VEDL
2026-06-29 07:56:21.160,14,2026-06-29 13:25,PNL_LOOP_TOTAL,0.001,
2026-06-29 07:56:21.350,14,2026-06-29 13:25,UI_SNAPSHOT_TOTAL,0.19,
2026-06-29 07:56:21.350,14,2026-06-29 13:25,CYCLE_TOTAL,21.306,cycle=14
2026-06-29 07:56:21.350,14,2026-06-29 13:25,time after analyse after second broker api call,1.785,time analysis of delay
2026-06-29 07:56:33.924,14,2026-06-29 13:25,RECONCILE_CYCLE_TOTAL,12.646,pending_syms=6
2026-06-29 08:11:00.448,15,2026-06-29 13:40,CYCLE_START,0.0,
2026-06-29 08:11:10.291,15,2026-06-29 13:40,BATCH_PREDICTION,9.841,symbols=['POWERGRID']
2026-06-29 08:11:13.195,15,2026-06-29 13:40,BATCH_PREDICTION,12.746,"symbols=['ITC', 'GAIL', 'ONGC']"
2026-06-29 08:11:17.927,15,2026-06-29 13:40,BATCH_PREDICTION,17.477,"symbols=['NTPC', 'VEDL', 'TATASTEEL']"
2026-06-29 08:11:17.969,15,2026-06-29 13:40,TREND_REDIS_GET,0.001,ITC|MISS
2026-06-29 08:11:17.970,15,2026-06-29 13:40,TREND_REDIS_GET,0.001,GAIL|MISS
2026-06-29 08:11:17.971,15,2026-06-29 13:40,TREND_REDIS_GET,0.001,ONGC|MISS
2026-06-29 08:11:17.971,15,2026-06-29 13:40,TREND_REDIS_GET,0.001,NTPC|MISS
2026-06-29 08:11:17.972,15,2026-06-29 13:40,TREND_REDIS_GET,0.001,VEDL|MISS
2026-06-29 08:11:17.973,15,2026-06-29 13:40,TREND_REDIS_GET,0.001,TATASTEEL|MISS
2026-06-29 08:11:17.974,15,2026-06-29 13:40,TREND_REDIS_GET,0.001,POWERGRID|MISS
2026-06-29 08:11:17.974,15,2026-06-29 13:40,TREND_TOTAL,0.005,POWERGRID
2026-06-29 08:11:18.735,15,2026-06-29 13:40,BROKER_POS_FETCH,0.76,positions=7
2026-06-29 08:11:19.033,15,2026-06-29 13:40,fetch_Price_total_time,0.295,fetch_price_total_time=0.29477643966674805
2026-06-29 08:11:19.089,15,2026-06-29 13:40,fetch_Price_total_time,0.051,fetch_price_total_time=0.05131030082702637
2026-06-29 08:11:19.152,15,2026-06-29 13:40,fetch_Price_total_time,0.059,fetch_price_total_time=0.05865907669067383
2026-06-29 08:11:19.242,15,2026-06-29 13:40,fetch_Price_total_time,0.085,fetch_price_total_time=0.08501553535461426
2026-06-29 08:11:19.290,15,2026-06-29 13:40,fetch_Price_total_time,0.043,fetch_price_total_time=0.043395042419433594
2026-06-29 08:11:19.346,15,2026-06-29 13:40,fetch_Price_total_time,0.053,fetch_price_total_time=0.05261564254760742
2026-06-29 08:11:19.645,15,2026-06-29 13:40,fetch_Price_total_time,0.294,fetch_price_total_time=0.2939901351928711
2026-06-29 08:11:19.646,15,2026-06-29 13:40,ANALYZE_SIGNALS,0.912,symbols=7
2026-06-29 08:11:19.647,15,2026-06-29 13:40,symbol lock timing ,0.0,ONGC
2026-06-29 08:11:19.647,15,2026-06-29 13:40,CAN_RESERVE_EXPOSURE,0.0,ONGC
2026-06-29 08:11:19.647,15,2026-06-29 13:40,RESERVE_EXPOSURE,0.0,ONGC
2026-06-29 08:11:20.509,15,2026-06-29 13:40,PARALLEL_ORDER_EXEC,0.862,orders=5
2026-06-29 08:11:20.513,15,2026-06-29 13:40,FETCH_LTP,0.0,symbols=5
2026-06-29 08:11:20.513,15,2026-06-29 13:40,RESULT_LTP_FETCH,0.0,ONGC
2026-06-29 08:11:20.514,15,2026-06-29 13:40,LOG_TRADE_TIME,0.0,ONGC
2026-06-29 08:11:20.514,15,2026-06-29 13:40,RESULT_PROCESS_TOTAL,0.0,ONGC
2026-06-29 08:11:20.514,15,2026-06-29 13:40,RESULT_LTP_FETCH,0.0,NTPC
2026-06-29 08:11:20.514,15,2026-06-29 13:40,LOG_TRADE_TIME,0.0,NTPC
2026-06-29 08:11:20.514,15,2026-06-29 13:40,RESULT_PROCESS_TOTAL,0.0,NTPC
2026-06-29 08:11:20.514,15,2026-06-29 13:40,RESULT_LTP_FETCH,0.0,VEDL
2026-06-29 08:11:20.514,15,2026-06-29 13:40,LOG_TRADE_TIME,0.0,VEDL
2026-06-29 08:11:20.514,15,2026-06-29 13:40,RESULT_PROCESS_TOTAL,0.0,VEDL
2026-06-29 08:11:20.514,15,2026-06-29 13:40,RESULT_LTP_FETCH,0.0,TATASTEEL
2026-06-29 08:11:20.514,15,2026-06-29 13:40,LOG_TRADE_TIME,0.0,TATASTEEL
2026-06-29 08:11:20.514,15,2026-06-29 13:40,RESULT_PROCESS_TOTAL,0.0,TATASTEEL
2026-06-29 08:11:20.514,15,2026-06-29 13:40,RESULT_LTP_FETCH,0.0,POWERGRID
2026-06-29 08:11:20.515,15,2026-06-29 13:40,LOG_TRADE_TIME,0.0,POWERGRID
2026-06-29 08:11:20.515,15,2026-06-29 13:40,RESULT_PROCESS_TOTAL,0.0,POWERGRID
2026-06-29 08:11:20.515,15,2026-06-29 13:40,PNL_CALC,0.0,GAIL
2026-06-29 08:11:20.515,15,2026-06-29 13:40,HOLD_LOG_TRADE,0.0,GAIL
2026-06-29 08:11:20.515,15,2026-06-29 13:40,HOLD_LOOP_PER_SYMBOL,0.0,GAIL
2026-06-29 08:11:20.515,15,2026-06-29 13:40,PNL_CALC,0.0,ITC
2026-06-29 08:11:20.515,15,2026-06-29 13:40,HOLD_LOG_TRADE,0.0,ITC
2026-06-29 08:11:20.515,15,2026-06-29 13:40,HOLD_LOOP_PER_SYMBOL,0.0,ITC
2026-06-29 08:11:20.515,15,2026-06-29 13:40,PNL_CALC,0.0,NTPC
2026-06-29 08:11:20.515,15,2026-06-29 13:40,HOLD_LOOP_PER_SYMBOL,0.0,NTPC
2026-06-29 08:11:20.515,15,2026-06-29 13:40,PNL_CALC,0.0,ONGC
2026-06-29 08:11:20.516,15,2026-06-29 13:40,HOLD_LOOP_PER_SYMBOL,0.0,ONGC
2026-06-29 08:11:20.516,15,2026-06-29 13:40,PNL_CALC,0.0,POWERGRID
2026-06-29 08:11:20.516,15,2026-06-29 13:40,HOLD_LOOP_PER_SYMBOL,0.0,POWERGRID
2026-06-29 08:11:20.516,15,2026-06-29 13:40,PNL_CALC,0.0,TATASTEEL
2026-06-29 08:11:20.516,15,2026-06-29 13:40,HOLD_LOOP_PER_SYMBOL,0.0,TATASTEEL
2026-06-29 08:11:20.516,15,2026-06-29 13:40,PNL_CALC,0.0,VEDL
2026-06-29 08:11:20.516,15,2026-06-29 13:40,HOLD_LOOP_PER_SYMBOL,0.0,VEDL
2026-06-29 08:11:20.516,15,2026-06-29 13:40,PNL_PER_SYMBOL,0.0,GAIL
2026-06-29 08:11:20.516,15,2026-06-29 13:40,PNL_PER_SYMBOL,0.0,ITC
2026-06-29 08:11:20.516,15,2026-06-29 13:40,PNL_PER_SYMBOL,0.0,NTPC
2026-06-29 08:11:20.516,15,2026-06-29 13:40,PNL_PER_SYMBOL,0.0,ONGC
2026-06-29 08:11:20.516,15,2026-06-29 13:40,PNL_PER_SYMBOL,0.0,POWERGRID
2026-06-29 08:11:20.516,15,2026-06-29 13:40,PNL_PER_SYMBOL,0.0,TATASTEEL
2026-06-29 08:11:20.516,15,2026-06-29 13:40,PNL_PER_SYMBOL,0.0,VEDL
2026-06-29 08:11:20.516,15,2026-06-29 13:40,PNL_LOOP_TOTAL,0.0,
2026-06-29 08:11:20.706,15,2026-06-29 13:40,UI_SNAPSHOT_TOTAL,0.189,
2026-06-29 08:11:20.706,15,2026-06-29 13:40,CYCLE_TOTAL,20.258,cycle=15
2026-06-29 08:11:20.706,15,2026-06-29 13:40,time after analyse after second broker api call,1.06,time analysis of delay
2026-06-29 08:11:33.591,15,2026-06-29 13:40,RECONCILE_CYCLE_TOTAL,12.557,pending_syms=5
2026-06-29 08:26:00.806,16,2026-06-29 13:55,CYCLE_START,0.0,
2026-06-29 08:26:04.900,16,2026-06-29 13:55,BATCH_PREDICTION,4.091,symbols=['POWERGRID']
2026-06-29 08:26:22.472,16,2026-06-29 13:55,BATCH_PREDICTION,21.666,"symbols=['ITC', 'GAIL', 'ONGC']"
2026-06-29 08:26:42.836,16,2026-06-29 13:55,BATCH_PREDICTION,42.029,"symbols=['NTPC', 'VEDL', 'TATASTEEL']"
2026-06-29 08:26:42.877,16,2026-06-29 13:55,TREND_REDIS_GET,0.001,ITC|MISS
2026-06-29 08:26:42.878,16,2026-06-29 13:55,TREND_REDIS_GET,0.001,GAIL|MISS
2026-06-29 08:26:42.879,16,2026-06-29 13:55,TREND_REDIS_GET,0.001,ONGC|MISS
2026-06-29 08:26:42.880,16,2026-06-29 13:55,TREND_REDIS_GET,0.001,NTPC|MISS
2026-06-29 08:26:42.881,16,2026-06-29 13:55,TREND_REDIS_GET,0.001,VEDL|MISS
2026-06-29 08:26:42.881,16,2026-06-29 13:55,TREND_REDIS_GET,0.001,TATASTEEL|MISS
2026-06-29 08:26:42.882,16,2026-06-29 13:55,TREND_REDIS_GET,0.001,POWERGRID|MISS
2026-06-29 08:26:42.882,16,2026-06-29 13:55,TREND_TOTAL,0.006,POWERGRID
2026-06-29 08:26:43.647,16,2026-06-29 13:55,BROKER_POS_FETCH,0.764,positions=7
2026-06-29 08:26:43.972,16,2026-06-29 13:55,fetch_Price_total_time,0.308,fetch_price_total_time=0.3077266216278076
2026-06-29 08:26:43.974,16,2026-06-29 13:55,ANALYZE_SIGNALS,0.327,symbols=7
2026-06-29 08:26:43.974,16,2026-06-29 13:55,symbol lock timing ,0.0,NTPC
2026-06-29 08:26:43.974,16,2026-06-29 13:55,CAN_RESERVE_EXPOSURE,0.0,NTPC
2026-06-29 08:26:43.974,16,2026-06-29 13:55,RESERVE_EXPOSURE,0.0,NTPC
2026-06-29 08:26:43.974,16,2026-06-29 13:55,symbol lock timing ,0.0,TATASTEEL
2026-06-29 08:26:43.975,16,2026-06-29 13:55,CAN_RESERVE_EXPOSURE,0.0,TATASTEEL
2026-06-29 08:26:43.975,16,2026-06-29 13:55,RESERVE_EXPOSURE,0.0,TATASTEEL
2026-06-29 08:26:44.833,16,2026-06-29 13:55,PARALLEL_ORDER_EXEC,0.859,orders=5
2026-06-29 08:26:44.837,16,2026-06-29 13:55,FETCH_LTP,0.0,symbols=5
2026-06-29 08:26:44.837,16,2026-06-29 13:55,RESULT_LTP_FETCH,0.0,ITC
2026-06-29 08:26:44.837,16,2026-06-29 13:55,LOG_TRADE_TIME,0.0,ITC
2026-06-29 08:26:44.837,16,2026-06-29 13:55,RESULT_PROCESS_TOTAL,0.0,ITC
2026-06-29 08:26:44.838,16,2026-06-29 13:55,RESULT_LTP_FETCH,0.0,ONGC
2026-06-29 08:26:44.838,16,2026-06-29 13:55,LOG_TRADE_TIME,0.0,ONGC
2026-06-29 08:26:44.838,16,2026-06-29 13:55,RESULT_PROCESS_TOTAL,0.0,ONGC
2026-06-29 08:26:44.838,16,2026-06-29 13:55,RESULT_LTP_FETCH,0.0,NTPC
2026-06-29 08:26:44.838,16,2026-06-29 13:55,LOG_TRADE_TIME,0.0,NTPC
2026-06-29 08:26:44.838,16,2026-06-29 13:55,RESULT_PROCESS_TOTAL,0.0,NTPC
2026-06-29 08:26:44.838,16,2026-06-29 13:55,RESULT_LTP_FETCH,0.0,TATASTEEL
2026-06-29 08:26:44.838,16,2026-06-29 13:55,LOG_TRADE_TIME,0.0,TATASTEEL
2026-06-29 08:26:44.838,16,2026-06-29 13:55,RESULT_PROCESS_TOTAL,0.0,TATASTEEL
2026-06-29 08:26:44.838,16,2026-06-29 13:55,RESULT_LTP_FETCH,0.0,POWERGRID
2026-06-29 08:26:44.838,16,2026-06-29 13:55,LOG_TRADE_TIME,0.0,POWERGRID
2026-06-29 08:26:44.838,16,2026-06-29 13:55,RESULT_PROCESS_TOTAL,0.0,POWERGRID
2026-06-29 08:26:44.839,16,2026-06-29 13:55,PNL_CALC,0.0,GAIL
2026-06-29 08:26:44.839,16,2026-06-29 13:55,HOLD_LOG_TRADE,0.0,GAIL
2026-06-29 08:26:44.839,16,2026-06-29 13:55,HOLD_LOOP_PER_SYMBOL,0.0,GAIL
2026-06-29 08:26:44.839,16,2026-06-29 13:55,PNL_CALC,0.0,ITC
2026-06-29 08:26:44.839,16,2026-06-29 13:55,HOLD_LOOP_PER_SYMBOL,0.0,ITC
2026-06-29 08:26:44.839,16,2026-06-29 13:55,PNL_CALC,0.0,NTPC
2026-06-29 08:26:44.839,16,2026-06-29 13:55,HOLD_LOOP_PER_SYMBOL,0.0,NTPC
2026-06-29 08:26:44.839,16,2026-06-29 13:55,PNL_CALC,0.0,ONGC
2026-06-29 08:26:44.839,16,2026-06-29 13:55,HOLD_LOOP_PER_SYMBOL,0.0,ONGC
2026-06-29 08:26:44.839,16,2026-06-29 13:55,PNL_CALC,0.0,POWERGRID
2026-06-29 08:26:44.839,16,2026-06-29 13:55,HOLD_LOOP_PER_SYMBOL,0.0,POWERGRID
2026-06-29 08:26:44.839,16,2026-06-29 13:55,PNL_CALC,0.0,TATASTEEL
2026-06-29 08:26:44.839,16,2026-06-29 13:55,HOLD_LOOP_PER_SYMBOL,0.0,TATASTEEL
2026-06-29 08:26:44.840,16,2026-06-29 13:55,PNL_CALC,0.0,VEDL
2026-06-29 08:26:44.840,16,2026-06-29 13:55,HOLD_LOG_TRADE,0.0,VEDL
2026-06-29 08:26:44.840,16,2026-06-29 13:55,HOLD_LOOP_PER_SYMBOL,0.0,VEDL
2026-06-29 08:26:44.840,16,2026-06-29 13:55,PNL_PER_SYMBOL,0.0,GAIL
2026-06-29 08:26:44.840,16,2026-06-29 13:55,PNL_PER_SYMBOL,0.0,ITC
2026-06-29 08:26:44.840,16,2026-06-29 13:55,PNL_PER_SYMBOL,0.0,NTPC
2026-06-29 08:26:44.840,16,2026-06-29 13:55,PNL_PER_SYMBOL,0.0,ONGC
2026-06-29 08:26:44.840,16,2026-06-29 13:55,PNL_PER_SYMBOL,0.0,POWERGRID
2026-06-29 08:26:44.840,16,2026-06-29 13:55,PNL_PER_SYMBOL,0.0,TATASTEEL
2026-06-29 08:26:44.840,16,2026-06-29 13:55,PNL_PER_SYMBOL,0.0,VEDL
2026-06-29 08:26:44.840,16,2026-06-29 13:55,PNL_LOOP_TOTAL,0.0,
2026-06-29 08:26:45.043,16,2026-06-29 13:55,UI_SNAPSHOT_TOTAL,0.203,
2026-06-29 08:26:45.043,16,2026-06-29 13:55,CYCLE_TOTAL,44.237,cycle=16
2026-06-29 08:26:45.043,16,2026-06-29 13:55,time after analyse after second broker api call,1.069,time analysis of delay
2026-06-29 08:26:58.552,16,2026-06-29 13:55,RECONCILE_CYCLE_TOTAL,12.855,pending_syms=5
2026-06-29 08:41:00.146,17,2026-06-29 14:10,CYCLE_START,0.0,
2026-06-29 08:41:10.675,17,2026-06-29 14:10,BATCH_PREDICTION,10.525,symbols=['POWERGRID']
2026-06-29 08:41:16.295,17,2026-06-29 14:10,BATCH_PREDICTION,16.147,"symbols=['NTPC', 'VEDL', 'TATASTEEL']"
2026-06-29 08:41:21.147,17,2026-06-29 14:10,BATCH_PREDICTION,21.0,"symbols=['ITC', 'GAIL', 'ONGC']"
2026-06-29 08:41:21.188,17,2026-06-29 14:10,TREND_REDIS_GET,0.001,ITC|MISS
2026-06-29 08:41:21.189,17,2026-06-29 14:10,TREND_REDIS_GET,0.001,GAIL|MISS
2026-06-29 08:41:21.190,17,2026-06-29 14:10,TREND_REDIS_GET,0.001,ONGC|MISS
2026-06-29 08:41:21.190,17,2026-06-29 14:10,TREND_REDIS_GET,0.001,NTPC|MISS
2026-06-29 08:41:21.191,17,2026-06-29 14:10,TREND_REDIS_GET,0.001,VEDL|MISS
2026-06-29 08:41:21.192,17,2026-06-29 14:10,TREND_REDIS_GET,0.001,TATASTEEL|MISS
2026-06-29 08:41:21.192,17,2026-06-29 14:10,TREND_REDIS_GET,0.001,POWERGRID|MISS
2026-06-29 08:41:21.192,17,2026-06-29 14:10,TREND_TOTAL,0.005,POWERGRID
2026-06-29 08:41:21.940,17,2026-06-29 14:10,BROKER_POS_FETCH,0.747,positions=7
2026-06-29 08:41:22.900,17,2026-06-29 14:10,fetch_Price_total_time,0.943,fetch_price_total_time=0.9426965713500977
2026-06-29 08:41:22.902,17,2026-06-29 14:10,ANALYZE_SIGNALS,0.961,symbols=7
2026-06-29 08:41:22.902,17,2026-06-29 14:10,symbol lock timing ,0.0,ONGC
2026-06-29 08:41:22.902,17,2026-06-29 14:10,CAN_RESERVE_EXPOSURE,0.0,ONGC
2026-06-29 08:41:22.902,17,2026-06-29 14:10,RESERVE_EXPOSURE,0.0,ONGC
2026-06-29 08:41:22.902,17,2026-06-29 14:10,SYMBOL_LOOP_TOTAL,0.0,ONGC
2026-06-29 08:41:22.902,17,2026-06-29 14:10,symbol lock timing ,0.0,POWERGRID
2026-06-29 08:41:22.902,17,2026-06-29 14:10,CAN_RESERVE_EXPOSURE,0.0,POWERGRID
2026-06-29 08:41:22.902,17,2026-06-29 14:10,RESERVE_EXPOSURE,0.0,POWERGRID
2026-06-29 08:41:22.902,17,2026-06-29 14:10,SYMBOL_LOOP_TOTAL,0.0,POWERGRID
2026-06-29 08:41:23.754,17,2026-06-29 14:10,PARALLEL_ORDER_EXEC,0.851,orders=5
2026-06-29 08:41:23.757,17,2026-06-29 14:10,FETCH_LTP,0.0,symbols=5
2026-06-29 08:41:23.758,17,2026-06-29 14:10,RESULT_LTP_FETCH,0.0,TATASTEEL
2026-06-29 08:41:23.758,17,2026-06-29 14:10,LOG_TRADE_TIME,0.0,TATASTEEL
2026-06-29 08:41:23.758,17,2026-06-29 14:10,RESULT_PROCESS_TOTAL,0.0,TATASTEEL
2026-06-29 08:41:23.758,17,2026-06-29 14:10,RESULT_LTP_FETCH,0.0,GAIL
2026-06-29 08:41:23.758,17,2026-06-29 14:10,LOG_TRADE_TIME,0.0,GAIL
2026-06-29 08:41:23.758,17,2026-06-29 14:10,RESULT_PROCESS_TOTAL,0.0,GAIL
2026-06-29 08:41:23.758,17,2026-06-29 14:10,RESULT_LTP_FETCH,0.0,NTPC
2026-06-29 08:41:23.758,17,2026-06-29 14:10,LOG_TRADE_TIME,0.0,NTPC
2026-06-29 08:41:23.758,17,2026-06-29 14:10,RESULT_PROCESS_TOTAL,0.0,NTPC
2026-06-29 08:41:23.758,17,2026-06-29 14:10,RESULT_LTP_FETCH,0.0,ONGC
2026-06-29 08:41:23.758,17,2026-06-29 14:10,LOG_TRADE_TIME,0.0,ONGC
2026-06-29 08:41:23.758,17,2026-06-29 14:10,RESULT_PROCESS_TOTAL,0.0,ONGC
2026-06-29 08:41:23.759,17,2026-06-29 14:10,RESULT_LTP_FETCH,0.0,POWERGRID
2026-06-29 08:41:23.759,17,2026-06-29 14:10,LOG_TRADE_TIME,0.0,POWERGRID
2026-06-29 08:41:23.759,17,2026-06-29 14:10,RESULT_PROCESS_TOTAL,0.0,POWERGRID
2026-06-29 08:41:23.759,17,2026-06-29 14:10,PNL_CALC,0.0,GAIL
2026-06-29 08:41:23.759,17,2026-06-29 14:10,HOLD_LOOP_PER_SYMBOL,0.0,GAIL
2026-06-29 08:41:23.759,17,2026-06-29 14:10,PNL_CALC,0.0,ITC
2026-06-29 08:41:23.759,17,2026-06-29 14:10,HOLD_LOG_TRADE,0.0,ITC
2026-06-29 08:41:23.759,17,2026-06-29 14:10,HOLD_LOOP_PER_SYMBOL,0.0,ITC
2026-06-29 08:41:23.759,17,2026-06-29 14:10,PNL_CALC,0.0,NTPC
2026-06-29 08:41:23.759,17,2026-06-29 14:10,HOLD_LOOP_PER_SYMBOL,0.0,NTPC
2026-06-29 08:41:23.759,17,2026-06-29 14:10,PNL_CALC,0.0,ONGC
2026-06-29 08:41:23.759,17,2026-06-29 14:10,HOLD_LOOP_PER_SYMBOL,0.0,ONGC
2026-06-29 08:41:23.759,17,2026-06-29 14:10,PNL_CALC,0.0,POWERGRID
2026-06-29 08:41:23.759,17,2026-06-29 14:10,HOLD_LOOP_PER_SYMBOL,0.0,POWERGRID
2026-06-29 08:41:23.760,17,2026-06-29 14:10,PNL_CALC,0.0,TATASTEEL
2026-06-29 08:41:23.760,17,2026-06-29 14:10,HOLD_LOOP_PER_SYMBOL,0.0,TATASTEEL
2026-06-29 08:41:23.760,17,2026-06-29 14:10,PNL_CALC,0.0,VEDL
2026-06-29 08:41:23.760,17,2026-06-29 14:10,HOLD_LOG_TRADE,0.0,VEDL
2026-06-29 08:41:23.760,17,2026-06-29 14:10,HOLD_LOOP_PER_SYMBOL,0.0,VEDL
2026-06-29 08:41:23.760,17,2026-06-29 14:10,PNL_PER_SYMBOL,0.0,GAIL
2026-06-29 08:41:23.760,17,2026-06-29 14:10,PNL_PER_SYMBOL,0.0,ITC
2026-06-29 08:41:23.760,17,2026-06-29 14:10,PNL_PER_SYMBOL,0.0,NTPC
2026-06-29 08:41:23.760,17,2026-06-29 14:10,PNL_PER_SYMBOL,0.0,ONGC
2026-06-29 08:41:23.760,17,2026-06-29 14:10,PNL_PER_SYMBOL,0.0,POWERGRID
2026-06-29 08:41:23.760,17,2026-06-29 14:10,PNL_PER_SYMBOL,0.0,TATASTEEL
2026-06-29 08:41:23.760,17,2026-06-29 14:10,PNL_PER_SYMBOL,0.0,VEDL
2026-06-29 08:41:23.760,17,2026-06-29 14:10,PNL_LOOP_TOTAL,0.0,
2026-06-29 08:41:23.964,17,2026-06-29 14:10,UI_SNAPSHOT_TOTAL,0.204,
2026-06-29 08:41:23.964,17,2026-06-29 14:10,CYCLE_TOTAL,23.818,cycle=17
2026-06-29 08:41:23.964,17,2026-06-29 14:10,time after analyse after second broker api call,1.063,time analysis of delay
2026-06-29 08:41:35.857,17,2026-06-29 14:10,RECONCILE_CYCLE_TOTAL,11.203,pending_syms=5
2026-06-29 08:56:00.071,18,2026-06-29 14:25,CYCLE_START,0.0,
2026-06-29 08:56:09.007,18,2026-06-29 14:25,BATCH_PREDICTION,8.934,symbols=['POWERGRID']
2026-06-29 08:56:18.720,18,2026-06-29 14:25,BATCH_PREDICTION,18.649,"symbols=['ITC', 'GAIL', 'ONGC']"
2026-06-29 08:56:18.986,18,2026-06-29 14:25,BATCH_PREDICTION,18.914,"symbols=['NTPC', 'VEDL', 'TATASTEEL']"
2026-06-29 08:56:19.029,18,2026-06-29 14:25,TREND_REDIS_GET,0.001,ITC|MISS
2026-06-29 08:56:19.030,18,2026-06-29 14:25,TREND_REDIS_GET,0.001,GAIL|MISS
2026-06-29 08:56:19.031,18,2026-06-29 14:25,TREND_REDIS_GET,0.001,ONGC|MISS
2026-06-29 08:56:19.032,18,2026-06-29 14:25,TREND_REDIS_GET,0.001,NTPC|MISS
2026-06-29 08:56:19.032,18,2026-06-29 14:25,TREND_REDIS_GET,0.001,VEDL|MISS
2026-06-29 08:56:19.033,18,2026-06-29 14:25,TREND_REDIS_GET,0.001,TATASTEEL|MISS
2026-06-29 08:56:19.034,18,2026-06-29 14:25,TREND_REDIS_GET,0.001,POWERGRID|MISS
2026-06-29 08:56:19.034,18,2026-06-29 14:25,TREND_TOTAL,0.005,POWERGRID
2026-06-29 08:56:19.817,18,2026-06-29 14:25,BROKER_POS_FETCH,0.783,positions=7
2026-06-29 08:56:20.132,18,2026-06-29 14:25,fetch_Price_total_time,0.31,fetch_price_total_time=0.3100717067718506
2026-06-29 08:56:20.183,18,2026-06-29 14:25,fetch_Price_total_time,0.047,fetch_price_total_time=0.04732942581176758
2026-06-29 08:56:20.234,18,2026-06-29 14:25,fetch_Price_total_time,0.047,fetch_price_total_time=0.04698657989501953
2026-06-29 08:56:20.282,18,2026-06-29 14:25,fetch_Price_total_time,0.044,fetch_price_total_time=0.04351043701171875
2026-06-29 08:56:20.346,18,2026-06-29 14:25,fetch_Price_total_time,0.06,fetch_price_total_time=0.060166358947753906
2026-06-29 08:56:20.391,18,2026-06-29 14:25,fetch_Price_total_time,0.041,fetch_price_total_time=0.04062795639038086
2026-06-29 08:56:21.483,18,2026-06-29 14:25,fetch_Price_total_time,1.088,fetch_price_total_time=1.0879077911376953
2026-06-29 08:56:21.484,18,2026-06-29 14:25,ANALYZE_SIGNALS,1.666,symbols=7
2026-06-29 08:56:22.314,18,2026-06-29 14:25,PARALLEL_ORDER_EXEC,0.829,orders=3
2026-06-29 08:56:22.316,18,2026-06-29 14:25,FETCH_LTP,0.0,symbols=3
2026-06-29 08:56:22.316,18,2026-06-29 14:25,RESULT_LTP_FETCH,0.0,ITC
2026-06-29 08:56:22.316,18,2026-06-29 14:25,LOG_TRADE_TIME,0.0,ITC
2026-06-29 08:56:22.316,18,2026-06-29 14:25,RESULT_PROCESS_TOTAL,0.0,ITC
2026-06-29 08:56:22.316,18,2026-06-29 14:25,RESULT_LTP_FETCH,0.0,ONGC
2026-06-29 08:56:22.316,18,2026-06-29 14:25,LOG_TRADE_TIME,0.0,ONGC
2026-06-29 08:56:22.317,18,2026-06-29 14:25,RESULT_PROCESS_TOTAL,0.0,ONGC
2026-06-29 08:56:22.317,18,2026-06-29 14:25,RESULT_LTP_FETCH,0.0,POWERGRID
2026-06-29 08:56:22.317,18,2026-06-29 14:25,LOG_TRADE_TIME,0.0,POWERGRID
2026-06-29 08:56:22.317,18,2026-06-29 14:25,RESULT_PROCESS_TOTAL,0.0,POWERGRID
2026-06-29 08:56:22.317,18,2026-06-29 14:25,PNL_CALC,0.0,GAIL
2026-06-29 08:56:22.317,18,2026-06-29 14:25,HOLD_LOG_TRADE,0.0,GAIL
2026-06-29 08:56:22.317,18,2026-06-29 14:25,HOLD_LOOP_PER_SYMBOL,0.0,GAIL
2026-06-29 08:56:22.317,18,2026-06-29 14:25,PNL_CALC,0.0,ITC
2026-06-29 08:56:22.317,18,2026-06-29 14:25,HOLD_LOOP_PER_SYMBOL,0.0,ITC
2026-06-29 08:56:22.317,18,2026-06-29 14:25,PNL_CALC,0.0,NTPC
2026-06-29 08:56:22.317,18,2026-06-29 14:25,HOLD_LOG_TRADE,0.0,NTPC
2026-06-29 08:56:22.317,18,2026-06-29 14:25,HOLD_LOOP_PER_SYMBOL,0.0,NTPC
2026-06-29 08:56:22.318,18,2026-06-29 14:25,PNL_CALC,0.0,ONGC
2026-06-29 08:56:22.318,18,2026-06-29 14:25,HOLD_LOOP_PER_SYMBOL,0.0,ONGC
2026-06-29 08:56:22.318,18,2026-06-29 14:25,PNL_CALC,0.0,POWERGRID
2026-06-29 08:56:22.318,18,2026-06-29 14:25,HOLD_LOOP_PER_SYMBOL,0.0,POWERGRID
2026-06-29 08:56:22.318,18,2026-06-29 14:25,PNL_CALC,0.0,TATASTEEL
2026-06-29 08:56:22.318,18,2026-06-29 14:25,HOLD_LOG_TRADE,0.0,TATASTEEL
2026-06-29 08:56:22.318,18,2026-06-29 14:25,HOLD_LOOP_PER_SYMBOL,0.0,TATASTEEL
2026-06-29 08:56:22.318,18,2026-06-29 14:25,PNL_CALC,0.0,VEDL
2026-06-29 08:56:22.318,18,2026-06-29 14:25,HOLD_LOG_TRADE,0.0,VEDL
2026-06-29 08:56:22.318,18,2026-06-29 14:25,HOLD_LOOP_PER_SYMBOL,0.0,VEDL
2026-06-29 08:56:22.318,18,2026-06-29 14:25,PNL_PER_SYMBOL,0.0,GAIL
2026-06-29 08:56:22.318,18,2026-06-29 14:25,PNL_PER_SYMBOL,0.0,ITC
2026-06-29 08:56:22.319,18,2026-06-29 14:25,PNL_PER_SYMBOL,0.0,NTPC
2026-06-29 08:56:22.319,18,2026-06-29 14:25,PNL_PER_SYMBOL,0.0,ONGC
2026-06-29 08:56:22.319,18,2026-06-29 14:25,PNL_PER_SYMBOL,0.0,POWERGRID
2026-06-29 08:56:22.319,18,2026-06-29 14:25,PNL_PER_SYMBOL,0.0,TATASTEEL
2026-06-29 08:56:22.319,18,2026-06-29 14:25,PNL_PER_SYMBOL,0.0,VEDL
2026-06-29 08:56:22.319,18,2026-06-29 14:25,PNL_LOOP_TOTAL,0.0,
2026-06-29 08:56:22.521,18,2026-06-29 14:25,UI_SNAPSHOT_TOTAL,0.203,
2026-06-29 08:56:22.522,18,2026-06-29 14:25,CYCLE_TOTAL,22.451,cycle=18
2026-06-29 08:56:22.522,18,2026-06-29 14:25,time after analyse after second broker api call,1.038,time analysis of delay
2026-06-29 08:56:31.126,18,2026-06-29 14:25,RECONCILE_CYCLE_TOTAL,8.165,pending_syms=3
2026-06-29 09:00:41.055,18,2026-06-29 14:25,RECONCILE_CYCLE_TOTAL,14.898,pending_syms=7
